ms,ca,cb,caper,cbper,q,qdes,dq,dqdes,pa,pb,Ta,Tb,pid_u
0,2.999999977211162,3.000000022788838,59.999999544223236,60.000000455776764,0.0,-2.3801076891845117e-10,0.0,-4.557410587384567e-05,363.459706959707,362.00183150183153,2.589077875113054,2.5939941716616897,-4.5577676097530007e-07
33,2.999907515359567,3.000092484640433,59.99815030719134,60.00184969280866,0.0,-0.002447897636658499,0.0,-0.1461559431294986,360.90842490842493,360.36172161172163,2.58918869694161,2.5948804868124067,-0.001849237031895817
66,2.9996836308532586,3.0003163691467414,59.993672617065165,60.006327382934835,0.0,-0.009738906908559386,0.0,-0.2915244337784723,362.00183150183153,362.36630036630044,2.58918869694161,2.5948804868124067,-0.004477690126170037
100,2.999287356925306,3.000712643074694,59.98574713850612,60.01425286149388,0.0,-0.02184277591400318,0.0,-0.4365899842508534,362.54853479853483,362.36630036630044,2.5842160980041737,2.598104045627571,-0.00792547855904704
133,2.9986750001260054,3.0013249998739946,59.973500002520105,60.026499997479895,0.0,-0.03880855969012686,0.0,-0.5819472439040457,362.91300366300374,362.54853479853483,2.587457599936268,2.5977404011658316,-0.012247135986013588
166,2.9978004497509283,3.0021995502490717,59.95600899501857,60.04399100498143,0.0,-0.060676232817755534,0.0,-0.7276610985733587,362.91300366300374,362.7307692307692,2.5869529469936303,2.598693616674635,-0.017491007501536725
200,2.9966171585566155,3.0033828414433845,59.93234317113231,60.06765682886769,0.0,-0.0873150317983508,0.0,-0.8728997346558751,362.7307692307692,362.184065934066,2.5869529469936303,2.598693616674635,-0.02366582388626269
233,2.995075796710132,3.004924203289868,59.90151593420264,60.09848406579736,0.0,-0.1187862144142341,0.0,-1.0181291555618317,360.72619047619054,363.64194139194143,2.580405307728316,2.60258014019873,-0.030827236929667455
266,2.993122710985057,3.006877289014943,59.86245421970114,60.13754578029886,0.0,-0.15529149251688135,0.0,-1.164109102795066,362.00183150183153,363.2774725274726,2.5799591008893916,2.602795385313651,-0.039061714501501504
300,2.9907076751280925,3.0092923248719075,59.81415350256185,60.18584649743815,0.0,-0.1963567225672303,0.0,-1.309009325508215,361.6373626373627,362.36630036630044,2.5787017447853806,2.6037705358333327,-0.04830071713928867
333,2.9877713159937205,3.0122286840062795,59.75542631987441,60.24457368012559,0.0,-0.24260254996659233,0.0,-1.4550152122400977,362.184065934066,362.54853479853483,2.5787017447853806,2.6037705358333327,-0.05872718268743823
366,2.9842579658682507,3.0157420341317493,59.68515931736501,60.31484068263499,0.0,-0.2935299581558257,0.0,-1.600464588746345,361.8195970695971,363.8241758241759,2.577367470564762,2.6054336269725114,-0.0702670025093955
400,2.9801105830598917,3.0198894169401083,59.60221166119784,60.39778833880216,0.0,-0.34908617121287583,0.0,-1.7453646500191107,361.0906593406594,363.459706959707,2.576675255904962,2.605837378751628,-0.08294765616717106
433,2.9752622261296415,3.0247377738703585,59.50524452259283,60.49475547740717,0.0,-0.40994608492136997,0.0,-1.891399303631995,361.8195970695971,363.8241758241759,2.576184443651249,2.6069893452293407,-0.09696713860500597
466,2.9696517357263534,3.0303482642736466,59.393034714527076,60.606965285472924,0.0,-0.47544131182413213,0.0,-2.0368934470431923,361.4551282051283,364.5531135531136,2.576184443651249,2.6069893452293407,-0.11220980806575674
500,2.9652324524326423,3.0347675475673577,59.30464904865284,60.69535095134716,-0.087890625,-0.5456078517152962,-2.6423105132036713,-2.1820271950514085,361.2728937728938,364.9175824175824,2.5764151318567965,2.6088052993704975,-0.0883856658742341
533,2.958632488313558,3.041367511686442,59.172649766271164,60.827350233728836,-0.087890625,-0.6208588392286843,0.0,-2.3276425494396364,361.6373626373627,366.0109890109891,2.577300333653742,2.609682868585193,-0.13199928238167447
566,2.9531196839735743,3.0468803160264257,59.062393679471484,60.937606320528516,-0.17578125,-0.7008265232275065,-2.6381405230647594,-2.473005703839486,361.8195970695971,366.9221611721612,2.5779338051162273,2.6114914458198717,-0.11025608679968091
600,2.947335628139655,3.052664371860345,58.9467125627931,61.0532874372069,-0.263671875,-0.7858004133537929,-2.6332089720861225,-2.618641098617497,361.4551282051283,367.4688644688645,2.5779338051162273,2.6114914458198717,-0.11568111667837937
633,2.9412582362530784,3.0587417637469216,58.82516472506156,61.17483527493844,-0.3515625,-0.8751350439421475,-2.6475655613559392,-2.763486776390387,362.00183150183153,368.01556776556777,2.5795506376404655,2.6139231067349002,-0.12154783773154132
666,2.932816418808999,3.067183581191001,58.65632837617998,61.34367162382002,-0.3515625,-0.9697921467335484,0.0,-2.9091035793758873,360.36172161172163,368.92673992673997,2.580676753969981,2.614798225785884,-0.1688363488815814
700,2.9293030975072814,3.0706969024927186,58.58606195014563,61.41393804985437,-0.615234375,-1.0691214100401014,-7.915200132087654,-3.0544524354186273,357.81043956043965,369.2912087912088,2.5783392085966192,2.6159581549657034,-0.07026642603435222
733,2.9328391107747156,3.0671608892252844,58.65678221549431,61.34321778450569,-1.142578125,-1.1732515395155876,-15.836492961598356,-3.1997453720982363,355.9880952380953,369.65567765567766,2.577979424074435,2.6159581549657034,0.0707202653486817
766,2.9315739382709456,3.0684260617290544,58.63147876541891,61.36852123458109,-1.318359375,-1.2818327270843044,-5.2683413806926405,-3.2724345871595775,353.801282051282,370.20238095238096,2.577979424074435,2.612085579867176,-0.02530345007540026
800,2.926825271598963,3.073174728401037,58.53650543197926,61.46349456802074,-1.318359375,-1.391033937978561,0.0,-3.2724345871595775,353.9835164835164,369.65567765567766,2.5769810118092886,2.6099510592316473,-0.09497333343965313
833,2.9211836644179554,3.0788163355820446,58.42367328835911,61.57632671164089,-1.318359375,-1.500010604229087,0.0,-3.2724345871595775,353.25457875457874,371.1135531135531,2.5754685229102194,2.610593594149269,-0.11283214362014499
866,2.9186330604253667,3.0813669395746333,58.37266120850734,61.62733879149266,-1.494140625,-1.609032446439025,-5.276306386076721,-3.2724345871595775,352.7078754578754,370.74908424908426,2.5751255042406407,2.610593594149269,-0.05101207985177543
900,2.9145479392127633,3.0854520607872367,58.29095878425527,61.70904121574473,-1.58203125,-1.718069436749188,-2.637786684307121,-3.2724345871595775,352.7078754578754,371.8424908424908,2.5751255042406407,2.610878141183727,-0.08170242425207429
933,2.910235959420752,3.089764040579248,58.204719188415034,61.795280811584966,-1.669921875,-1.82724205965513,-2.6345095819935453,-3.2724345871595775,351.9789377289377,371.6602564102564,2.574635134700766,2.6101917489204705,-0.08623959584023269
966,2.903675538250647,3.096324461749353,58.07351076501294,61.92648923498706,-1.669921875,-1.936555708130055,0.0,-3.2724345871595775,351.24999999999994,371.8424908424908,2.5738848833034345,2.6095789020481313,-0.13120842340209632
1000,2.89814770284155,3.10185229715845,57.96295405683101,62.03704594316899,-1.7578125,-2.045965232393007,-2.6288051527015397,-3.2724345871595775,351.6144688644688,373.11813186813185,2.573239704693112,2.6102406654962835,-0.1105567081819312
1033,2.8943579862498887,3.1056420137501113,57.88715972499777,62.11284027500223,-1.93359375,-2.1548092014210427,-5.284928943798241,-3.2724345871595775,350.15659340659334,380.2252747252748,2.573239704693112,2.6102406654962835,-0.07579433183323389
1066,2.89099973383828,3.10900026616172,57.8199946767656,62.1800053232344,-2.109375,-2.263849343085125,-5.275420900004435,-3.2724345871595775,349.7921245421245,376.3983516483516,2.5746056242362725,2.6102079586598266,-0.06716504823216851
1100,2.8860912731697965,3.1139087268302035,57.72182546339593,62.27817453660407,-2.197265625,-2.372869303644985,-2.638198726729039,-3.2724345871595775,348.51648351648345,374.94047619047615,2.5737618396662603,2.6101560306472273,-0.09816921336967518
1133,2.8809416650825583,3.1190583349174417,57.618833301651165,62.381166698348835,-2.28515625,-2.4819254475146155,-2.6373234091322546,-3.2724345871595775,348.51648351648345,380.77197802197804,2.5738208320898845,2.6102824106410893,-0.10299216174476372
1166,2.8775604598143554,3.1224395401856446,57.551209196287104,62.448790803712896,-2.4609375,-2.5908750474591873,-5.279804997602522,-3.2724345871595775,347.78754578754575,376.5805860805861,2.5738208320898845,2.6102824106410893,-0.06762410536406459
1200,2.87263117158211,3.12736882841789,57.4526234316422,62.5473765683578,-2.548828125,-2.700181967808323,-2.631272752158781,-3.2724345871595775,347.4230769230769,376.5805860805861,2.574297621483161,2.6106618926739946,-0.09858576464490482
1233,2.8674779539341055,3.1325220460658945,57.34955907868211,62.65044092131789,-2.63671875,-2.8090615081998926,-2.6416011686190206,-3.2724345871595775,346.8763736263736,377.67399267399264,2.573676163805757,2.6102324887295376,-0.10306435296008824
1266,2.862083537814454,3.137916462185546,57.241670756289075,62.758329243710925,-2.724609375,-2.9181035904179975,-2.6376635083122,-3.2724345871595775,345.782967032967,376.94505494505495,2.5736949840379584,2.6102436779989806,-0.10788832239304014
1300,2.858449842558715,3.141550157441285,57.1689968511743,62.8310031488257,-2.900390625,-3.027325666355513,-5.266633483538868,-3.2724345871595775,345.0540293040293,378.4029304029304,2.5736949840379584,2.6102436779989806,-0.07267390511477348
1333,2.853281949408339,3.146718050591661,57.06563898816678,62.93436101183322,-2.98828125,-3.1363384177423224,-2.6383731946781563,-3.2724345871595775,344.6895604395604,379.13186813186815,2.5736868379419655,2.6108046682054207,-0.10335786300752038
1366,2.847882560092935,3.152117439907065,56.9576512018587,63.0423487981413,-3.076171875,-3.245478676270193,-2.6352908176740635,-3.2724345871595775,343.96062271062266,379.8608058608059,2.572910608195507,2.6101885930595725,-0.10798778630807716
1400,2.8422448453936773,3.1577551546063227,56.84489690787354,63.15510309212646,-3.1640625,-3.3545953634517476,-2.6358600922196294,-3.2724345871595775,344.14285714285717,379.49633699633705,2.5727418724483893,2.6102079586598266,-0.11275429398516393
1433,2.8383788012683953,3.1616211987316047,56.7675760253679,63.2324239746321,-3.33984375,-3.463546779597654,-5.2797169841629366,-3.2724345871595775,343.23168498168496,380.77197802197804,2.5727418724483893,2.6102079586598266,-0.07732088250564231
1466,2.832969755017481,3.167030244982519,56.65939510034962,63.34060489965038,-3.427734375,-3.572735100372226,-2.634130821838346,-3.2724345871595775,341.95604395604397,381.13644688644695,2.573154195308451,2.6108180136526116,-0.10818092501827872
1500,2.8293476336365297,3.1706523663634703,56.5869526727306,63.4130473272694,-3.603515625,-3.6818271821179085,-5.272909207243249,-3.2724345871595775,342.13827838827837,381.5009157509158,2.572415397663926,2.6101560306472273,-0.07244242761902016
1533,2.8242120217634663,3.1757879782365337,56.48424043526933,63.51575956473067,-3.69140625,-3.7906636932675193,-2.642645543292954,-3.2724345871595775,339.95146520146517,381.5009157509158,2.5723912584019653,2.6102161353113096,-0.10271223746126976
1566,2.8188596979164067,3.1811403020835933,56.37719395832813,63.62280604167187,-3.779296875,-3.899971523353523,-2.631250852850849,-3.2724345871595775,340.6804029304029,382.7765567765568,2.5723912584019653,2.6102161353113096,-0.10704647694120277
1600,2.8132861243226297,3.1867138756773703,56.265722486452596,63.734277513547404,-3.8671875,-4.0093424459785645,-2.629732969549067,-3.2724345871595775,340.8626373626373,383.8699633699634,2.5725598192992942,2.6108424088205564,-0.11147147187553279
1633,2.8095118017610092,3.1904881982389908,56.19023603522018,63.80976396477982,-4.04296875,-4.118158834927896,-5.286268436475968,-3.2724345871595775,339.40476190476187,383.32326007326014,2.571489788041333,2.610112136905906,-0.07548645123241295
1666,2.804218206961393,3.195781793038607,56.084364139227866,63.915635860772134,-4.130859375,-4.227014925053436,-2.6421702341630464,-3.2724345871595775,340.315934065934,385.69230769230774,2.5712359185169413,2.6100764202667794,-0.10587189599231507
1700,2.798706741752584,3.201293258247416,55.97413483505168,64.02586516494833,-4.21875,-4.336454752060894,-2.6280772640244856,-3.2724345871595775,338.4935897435897,386.0567765567766,2.5712359185169413,2.6100764202667794,-0.11022930417618909
1733,2.7949961567246784,3.205003843275321,55.89992313449357,64.10007686550642,-4.39453125,-4.445560650025873,-5.272241492011596,-3.2724345871595775,335.9423076923077,384.96336996337,2.57138823571995,2.6106047857407177,-0.07421170055810913
1766,2.7897815885445247,3.2102184114554744,55.7956317708905,64.20436822910949,-4.482421875,-4.554503885084774,-2.640056732128165,-3.2724345871595775,335.7600732600732,385.32783882783883,2.570142325126384,2.60963898677869,-0.10429136360306654
1800,2.7843641351269035,3.2156358648730965,55.68728270253808,64.31271729746193,-4.5703125,-4.663753354571962,-2.632656455789937,-3.2724345871595775,336.12454212454213,386.0567765567766,2.56872673801981,2.609316933928294,-0.10834906835242646
1833,2.7787458323010146,3.221254167698985,55.57491664602029,64.4250833539797,-4.658203125,-4.772648223047987,-2.6412293358010173,-3.2724345871595775,335.3956043956044,386.96794871794873,2.5688337348057004,2.6094861261225244,-0.11236605651778413
1866,2.774930363879705,3.225069636120295,55.498607277594104,64.5013927224059,-4.833984375,-4.881532145230007,-5.282989726550639,-3.2724345871595775,333.75549450549454,385.14560439560444,2.5688337348057004,2.6094861261225244,-0.07630936842618422
1900,2.7696028081332122,3.2303971918667878,55.39205616266424,64.60794383733575,-4.921875,-4.990681514215406,-2.6350708557513105,-3.2724345871595775,335.7600732600732,390.2481684981685,2.5690978942376694,2.6097868413354752,-0.10655111492986134
1933,2.766089143770251,3.233910856229749,55.32178287540502,64.67821712459498,-5.09765625,-5.099908151926858,-5.2664135262843015,-3.2724345871595775,335.3956043956044,390.0659340659341,2.5689938223228324,2.6100275083078692,-0.07027328725921606
1966,2.7610894667683077,3.2389105332316923,55.221789335366154,64.77821066463385,-5.185546875,-5.209112249109147,-2.6337502763927167,-3.2724345871595775,334.30219780219784,391.5238095238095,2.5702547367760915,2.6100275083078692,-0.09999354003886463
2000,2.755916063304525,3.244083936695475,55.118321266090504,64.8816787339095,-5.2734375,-5.318076165954676,-2.6395556388158083,-3.2724345871595775,333.93772893772893,392.0705128205128,2.5702547367760915,2.61067825028152,-0.10346806927564726
2033,2.7525797346565835,3.247420265343416,55.05159469313167,64.94840530686832,-5.44921875,-5.42682403339611,-5.289599288776272,-3.2724345871595775,332.8443223443224,392.0705128205128,2.5700861220669817,2.6106894424173537,-0.06672657295883513
2066,2.7477525119150936,3.2522474880849064,54.95505023830188,65.04494976169812,-5.537109375,-5.536207031304312,-2.6294426614495268,-3.2724345871595775,332.6620879120879,392.6172161172161,2.5695494126580534,2.610536489456959,-0.09654445482979071
2100,2.742757836102987,3.2572421638970126,54.85515672205974,65.14484327794025,-5.625,-5.645473062583398,-2.6322574158701375,-3.2724345871595775,332.4798534798535,392.6172161172161,2.569193847702852,2.610284562479818,-0.0998935162421392
2133,2.737594801567785,3.262405198432215,54.7518960313557,65.2481039686443,-5.712890625,-5.754271957097165,-2.64355922385478,-3.2724345871595775,331.9331501831502,393.71062271062266,2.569193847702852,2.610284562479818,-0.10326069070404217
2166,2.7342588201456355,3.2657411798543645,54.68517640291271,65.31482359708728,-5.888671875,-5.863312056220048,-5.27542295817144,-3.2724345871595775,330.83974358974353,394.07509157509156,2.5696669698677987,2.6101997820467653,-0.06671962844298615
2200,2.7294417380269906,3.2705582619730085,54.58883476053982,65.41116523946017,-5.9765625,-5.972621479981955,-2.631212490549261,-3.2724345871595775,330.4752747252747,394.8040293040293,2.5687614692279754,2.6102161353113096,-0.0963416423728905
2233,2.724513018926964,3.275486981073036,54.49026037853928,65.50973962146072,-6.064453125,-6.0806866614175,-2.643173485379452,-3.1915562869945067,329.9285714285714,394.9862637362637,2.568660078480755,2.609915345898726,-0.09857438200053821
2266,2.719512992147549,3.2804870078524515,54.390259842950975,65.60974015704903,-6.15234375,-6.184983792081126,-2.6280229636581507,-3.0456335026483012,328.8351648351648,395.35073260073256,2.568660078480755,2.609915345898726,-0.10000053558830918
2300,2.716506493880763,3.2834935061192367,54.330129877615256,65.66987012238474,-6.328125,-6.283946204230591,-5.2807941214945355,-2.9003945785926026,328.10622710622704,395.532967032967,2.56891104554404,2.6101151491861017,-0.06012996533571885
2333,2.712223451599898,3.287776548400102,54.24446903199796,65.75553096800203,-6.416015625,-6.377979156594479,-2.6431322310684475,-2.7553059509125024,328.47069597069594,396.6263736263736,2.5673095215501016,2.6098113654690804,-0.08566084561729541
2366,2.708008934994108,3.291991065005892,54.16017869988215,65.83982130011785,-6.50390625,-6.467613566731693,-2.630220894493667,-2.60950510620566,327.92399267399264,396.44413919413915,2.5673417052680247,2.6096094460551833,-0.08429033211580232
2400,2.703913347771825,3.296086652228175,54.078266955436504,65.9217330445635,-6.591796875,-6.552109001344965,-2.638776230201747,-2.4641769712188433,327.37728937728934,397.53754578754575,2.5673417052680247,2.6096094460551833,-0.08191174444565034
2433,2.6999710067337004,3.3000289932663005,53.999420134674004,66.000579865326,-6.6796875,-6.631811781160115,-2.637142749808883,-2.318758818101969,326.28388278388275,397.53754578754575,2.567381306064429,2.6100468721154604,-0.07884682076250069
2466,2.6982335916019315,3.301766408398069,53.964671832038626,66.03532816796138,-6.85546875,-6.706792630748364,-5.265230427402535,-2.1730905768083217,326.28388278388275,399.17765567765565,2.566284996405113,2.609379016949309,-0.03474830263537962
2500,2.695462557525298,3.304537442474702,53.909251150505966,66.09074884949403,-6.943359375,-6.77663027710854,-2.6435503184678715,-2.0280248954389495,326.4661172161172,398.44871794871796,2.5660935604877837,2.6092016632483146,-0.05542068153265911
2533,2.6909946777417364,3.309005322258264,53.81989355483473,66.18010644516528,-6.943359375,-6.842017238299196,0.0,-1.8820962163470791,325.3727106227106,399.3598901098901,2.5660935604877837,2.6092016632483146,-0.08935759567123829
2566,2.688183149720439,3.3118168502795613,53.76366299440878,66.23633700559122,-7.03125,-6.902164568369129,-2.6442632561461212,-1.7370696471159663,324.8260073260073,400.27106227106225,2.566658560883205,2.6099071706605623,-0.05623056042594721
2600,2.6857533766747923,3.314246623325208,53.71506753349585,66.28493246650416,-7.119140625,-6.957562523985395,-2.640717324182416,-1.5918483374850716,324.6437728937729,400.27106227106225,2.5653578013866927,2.6091772910728785,-0.04859546091293668
2633,2.6837562486982893,3.3162437513017107,53.67512497396578,66.32487502603422,-7.20703125,-7.008210116716889,-2.6361715862242714,-1.4463766124324453,324.6437728937729,399.5421245421245,2.565448513457396,2.6090977254655776,-0.03994255953006899
2666,2.682243925254272,3.317756074745728,53.644878505085444,66.35512149491456,-7.294921875,-7.054125390712649,-2.6290333493957463,-1.300509908888763,323.91483516483515,400.27106227106225,2.565448513457396,2.6090977254655776,-0.030246468880336067
2700,2.679266472423016,3.320733527576983,53.58532944846032,66.41467055153967,-7.294921875,-7.094965124238792,0.0,-1.1553953460732145,324.09706959706955,400.99999999999994,2.5659626860246796,2.609699216992169,-0.05954905662512252
2733,2.678171474809332,3.321828525190668,53.56342949618664,66.43657050381336,-7.3828125,-7.131103025910603,-2.6329057495715045,-1.009743178977915,323.7326007326007,401.3644688644688,2.565189947824949,2.608865357384947,-0.02189995227367456
2766,2.675690305429975,3.3243096945700246,53.5138061085995,66.48619389140049,-7.3828125,-7.162359251401207,0.0,-0.8641898394066754,323.55036630036625,400.99999999999994,2.5646624554199926,2.608892878695457,-0.049623387587137406
2800,2.6751816591948954,3.3248183408051046,53.503633183897904,66.4963668161021,-7.470703125,-7.188693525647833,-2.6420140065691338,-0.719039803400336,323.36813186813185,401.3644688644688,2.5646624554199926,2.608892878695457,-0.010172924701601176
2833,2.6733716339494986,3.326628366050502,53.46743267898997,66.53256732101003,-7.470703125,-7.21021164940123,0.0,-0.5737948231585888,323.00366300366295,401.7289377289377,2.5653578013866927,2.6095268494126285,-0.036200504907932335
2866,2.6716107565000855,3.3283892434999145,53.432215130001715,66.56778486999829,-7.470703125,-7.226941317942087,0.0,-0.42807613401211686,323.1858974358974,402.09340659340666,2.564723510451399,2.6088409899214247,-0.03521754898825742
2900,2.6719413486439136,3.3280586513560864,53.438826972878275,66.56117302712173,-7.55859375,-7.238811990366972,-2.6295981138656965,-0.28224075857559905,322.4569597069597,401.7289377289377,2.5642257729309397,2.608772619508383,0.006611842876561514
2933,2.6711076898651975,3.3288923101348025,53.42215379730395,66.57784620269605,-7.55859375,-7.245792573297903,0.0,-0.1369081556253815,323.00366300366295,401.91117216117215,2.5644305499983804,2.608772619508383,-0.01667317557432528
2966,2.6724833333707156,3.327516666629285,53.44966666741431,66.5503333325857,-7.646484375,-7.2479203609350185,-2.642454858878916,0.02138330082752604,322.27472527472526,402.27564102564105,2.5644305499983804,2.609226179133996,0.027512870110361944
3000,2.672949772076306,3.327050227923694,53.45899544152612,66.54100455847387,-7.646484375,-7.240866951609214,0.0,0.40077591229922443,322.27472527472526,402.09340659340666,2.564260273215229,2.608652368636294,0.00932877411181052
3033,2.6739285559716426,3.3260714440283574,53.47857111943286,66.52142888056714,-7.646484375,-7.221272112796464,0.0,0.7781823591141891,323.00366300366295,402.09340659340666,2.56409504132979,2.6086443426523926,0.01957567790674017
3066,2.6755307176663314,3.324469282333669,53.51061435332662,66.48938564667338,-7.646484375,-7.188930009718045,0.0,1.1575709740969389,322.6391941391941,401.91117216117215,2.56410048828023,2.6086443426523926,0.032043233893766565
3100,2.67786636919708,3.32213363080292,53.5573273839416,66.4426726160584,-7.646484375,-7.1441507629274215,0.0,1.5351832628514812,322.82142857142856,401.91117216117215,2.56410048828023,2.60888169811054,0.04671303061497618
3133,2.6810565835537723,3.3189434164462277,53.621131671075446,66.37886832892455,-7.646484375,-7.086603234425074,0.0,1.914037177002517,322.6391941391941,401.5467032967033,2.5643108376429335,2.6084557426931068,0.06380428713384555
3166,2.6852260339177074,3.3147739660822926,53.70452067835416,66.29547932164584,-7.646484375,-7.01637173766034,0.0,2.2931000894120457,322.6391941391941,401.91117216117215,2.564201609178826,2.6082509715223545,0.0833890072787089
3200,2.6904992002960517,3.3095007997039483,53.80998400592104,66.19001599407896,-7.646484375,-6.933860519503925,0.0,2.670564996246919,323.36813186813185,401.1822344322344,2.5642176717505527,2.6081277478703138,0.10546332756688176
3233,2.697016352745801,3.302983647254199,53.94032705491602,66.05967294508397,-7.646484375,-6.838292388789865,0.0,3.049920390407538,322.27472527472526,401.5467032967033,2.5642176717505527,2.6081277478703138,0.1303430489949828
3266,2.7049113002741962,3.2950886997258038,54.09822600548392,65.90177399451608,-7.646484375,-6.730549594036127,0.0,3.4276180473637075,322.6391941391941,400.81776556776555,2.5648006357127335,2.607819153930098,0.15789895056790337
3300,2.7143356520354405,3.2856643479645595,54.286713040708804,65.7132869592912,-7.646484375,-6.609668729923104,0.0,3.8070260089901304,323.00366300366295,401.7289377289377,2.5644946700981337,2.607595120969329,0.18848703522488303
3333,2.7254305429690304,3.2745694570309696,54.50861085938061,65.49138914061939,-7.646484375,-6.476872441775411,0.0,4.1843632779308075,323.36813186813185,403.36904761904765,2.564595814315986,2.607385295308166,0.22189781867180572
3366,2.738355298454961,3.261644701545039,54.76710596909922,65.23289403090078,-7.646484375,-6.331152162645299,0.0,4.562654311455944,322.82142857142856,401.1822344322344,2.564595814315986,2.607385295308166,0.25849510971861067
3400,2.7532725524040713,3.2467274475959296,55.06545104808142,64.93454895191859,-7.646484375,-6.172658645071328,0.0,4.941333708432121,324.6437728937729,400.99999999999994,2.565331245604635,2.6075432709073207,0.2983450789821991
3433,2.7703493162169064,3.229650683783093,55.40698632433813,64.59301367566187,-7.646484375,-6.001461712525378,0.0,5.3201695361958246,328.65293040293034,398.08424908424905,2.5736491978626987,2.6056848519899884,0.3415352762567077
3466,2.769627845197052,3.230372154802948,55.39255690394104,64.60744309605896,-6.767578125,-5.817630348905315,26.341563217600363,5.698993170123719,331.9331501831502,393.52838827838826,2.589080709342261,2.5919091787024455,-0.01442942039708267
3500,2.766053743612174,3.233946256387826,55.321074872243486,64.67892512775651,-5.9765625,-5.621866488412421,23.790385788135893,6.076495498638635,333.93772893772893,390.6126373626374,2.589080709342261,2.5919091787024455,-0.07148203169755603
3533,2.7763696232259854,3.2236303767740146,55.52739246451971,64.4726075354803,-5.9765625,-5.412572584662013,0.0,6.455718633958257,335.7600732600732,389.8836996336996,2.573076552548029,2.6095268494126285,0.20631759227621957
3566,2.788859427209191,3.2111405727908084,55.77718854418382,64.22281145581617,-5.9765625,-5.1914501479787685,0.0,6.833549810011764,336.67124542124543,388.9725274725275,2.5757983915580267,2.607431268593471,0.2497960796641177
3600,2.8037217840333675,3.1962782159666325,56.07443568066735,63.92556431933265,-5.9765625,-4.957074680102966,0.0,7.212450614797007,337.5824175824176,388.6080586080586,2.5868531663514815,2.6021964216851146,0.29724713648352385
3633,2.8150992353006843,3.1849007646993157,56.301984706013684,63.698015293986316,-5.712890625,-4.71072404946362,7.921802567253692,7.590349708471042,338.4935897435897,385.32783882783883,2.5868531663514815,2.6021964216851146,0.22754902534633575
3666,2.8230511997180234,3.1769488002819766,56.46102399436047,63.53897600563953,-5.2734375,-4.45069314420042,13.148369399822055,7.969819070716363,339.7692307692308,385.87454212454213,2.5876005999846083,2.6025040180925822,0.15903928834678366
3700,2.8342107500429203,3.1657892499570797,56.68421500085841,63.31578499914159,-5.009765625,-4.17910866138543,7.921079815124202,8.34775264546887,341.40934065934067,383.50549450549454,2.582325810864585,2.6047299325859856,0.22319100649793863
3733,2.8479698049180104,3.1520301950819896,56.95939609836021,63.04060390163979,-4.833984375,-3.896495463077091,5.273305931010369,8.515248385222595,342.5027472527472,382.5943223443224,2.593108452574504,2.5992722695570905,0.27518109750180214
3773,2.8603664941025433,3.1396335058974567,57.207329882050864,62.792670117949136,-4.482421875,-3.5552385135505458,8.772398670805536,8.515248385222595,343.5961538461538,379.13186813186815,2.5932519213403404,2.5968254318120105,0.24793378369065383
3801,2.877087227824776,3.122912772175224,57.541744556495516,62.458255443504484,-4.39453125,-3.3167430961670274,3.1380498242612127,8.515248385222595,345.96520146520146,378.94963369963375,2.5932519213403404,2.5968254318120105,0.33441467444465334
3833,2.8917370645355707,3.1082629354644293,57.83474129071141,62.16525870928859,-4.130859375,-3.04509906004598,8.265344381872852,8.515248385222595,345.782967032967,374.3937728937729,2.5879734469395377,2.602327222034925,0.2929967342158951
3866,2.905177292187193,3.094822707812807,58.10354584374386,61.89645415625614,-3.779296875,-2.760725187413578,10.527134517380826,8.515248385222595,348.51648351648345,373.8470695970696,2.5924884067222385,2.5956669652618247,0.2688045530324448
3900,2.9205113190671024,3.0794886809328976,58.41022638134205,61.58977361865795,-3.515625,-2.476831029813723,7.908692192908686,8.515248385222595,351.24999999999994,374.94047619047615,2.5924884067222385,2.5956669652618247,0.3066805375981867
3933,2.9364299130859823,3.0635700869140177,58.728598261719654,61.271401738280346,-3.251953125,-2.193297220494536,7.918743493813131,8.515248385222595,352.7078754578754,372.0247252747253,2.5909405414837665,2.6012465587515807,0.31837188037760666
3966,2.948928085479309,3.051071914520691,58.978561709586174,61.021438290413826,-2.8125,-1.909368686836495,13.17955777401416,8.515248385222595,354.5302197802197,370.38461538461536,2.5931031970141016,2.5957915830805622,0.24996344786652025
4000,2.960549212434011,3.039450787565989,59.21098424868023,60.78901575131977,-2.373046875,-1.6261281937629501,13.211573219743094,8.515248385222595,356.717032967033,368.1978021978022,2.5942273983825106,2.5966433784141683,0.23242253909405558
4033,2.9753087216405323,3.0246912783594677,59.506174432810646,60.493825567189354,-2.109375,-1.3415551494706142,7.889824960075565,8.515248385222595,358.53937728937734,366.9221611721612,2.5926808158407026,2.5966433784141683,0.29519018413042075
4066,2.98850874082757,3.01149125917243,59.770174816551396,60.229825183448604,-1.7578125,-1.0582493699888627,10.566822942708972,8.515248385222595,359.9972527472528,364.18864468864473,2.5926808158407026,2.598940874494301,0.26400038374075113
4100,3.001468618279791,2.998531381720209,60.02937236559582,59.97062763440418,-1.40625,-0.7746073744387942,10.554297520803383,8.515248385222595,361.0906593406594,362.91300366300374,2.593671884489557,2.5963315550381796,0.2591975490444237
4133,3.0161655460459893,2.9838344539540107,60.32331092091979,59.67668907908021,-1.142578125,-0.49111109181929,7.9197917061784375,8.515248385222595,362.54853479853483,361.4551282051283,2.5938726674595243,2.5967575331927764,0.29393855532397006
4166,3.029302772313633,2.970697227686367,60.58605544627266,59.41394455372734,-0.791015625,-0.2065913444663785,10.5217372020107,8.515248385222595,365.0998168498169,360.17948717948724,2.5927619038844663,2.5967575331927764,0.26274452535286996
4200,3.0421161467492914,2.9578838532507086,60.84232293498583,59.15767706501417,-0.439453125,0.07656635484755725,10.572348969083768,8.515248385222595,366.1932234432235,358.7216117216118,2.5927619038844663,2.5965239651994705,0.25626748871316885
4233,3.056647420449847,2.943352579550153,61.13294840899694,58.86705159100306,-0.17578125,0.36094385497613324,7.895250175584333,8.515248385222595,367.83333333333337,356.8992673992675,2.593167969359974,2.5960765591439636,0.29062547401110866
4266,3.0695423831055284,2.9304576168944716,61.39084766211057,58.60915233788943,0.17578125,0.6448586705688886,10.54415566225282,8.515248385222595,369.2912087912088,355.2591575091576,2.5907459146311274,2.594546945890509,0.25789925311363493
4300,3.082099526123591,2.917900473876409,61.641990522471815,58.358009477528185,0.52734375,0.9288559563413639,10.541093737171042,8.515248385222595,371.1135531135531,355.07692307692304,2.5920392041716274,2.5950674741554085,0.25114286036123856
4333,3.096304035508558,2.903695964491442,61.92608071017115,58.07391928982885,0.791015625,1.212916799929415,7.904051397799923,8.515248385222595,372.93589743589746,352.1611721611721,2.5920392041716274,2.5950674741554085,0.284090187699333
4366,3.108804186499269,2.891195813500731,62.17608372998538,57.82391627001462,1.142578125,1.495922953367371,10.578010315546464,8.515248385222595,374.029304029304,350.52106227106225,2.5996450756609413,2.6018835975313412,0.25000301981422846
4400,3.1209284533114907,2.8790715466885093,62.41856906622982,57.58143093377018,1.494140625,1.77966965240984,10.550402949292955,8.515248385222595,375.6694139194139,349.4276556776556,2.585609577358639,2.5894616720969896,0.24248533624444216
4433,3.134666198519375,2.865333801480625,62.693323970387496,57.306676029612504,1.7578125,2.0641717391384997,7.891792758496452,8.515248385222595,377.49175824175825,347.24084249084245,2.5853076578253282,2.5891049421919807,0.274754904157675
4466,3.1486652721545174,2.8513347278454826,62.973305443090354,57.026694556909646,2.021484375,2.347261469738376,7.931165510895254,8.515248385222595,378.58516483516485,346.32967032967025,2.5853076578253282,2.5891049421919807,0.27998147270285706
4500,3.1609554008002023,2.8390445991997977,63.21910801600404,56.78089198399596,2.373046875,2.631076776139526,10.547852574936716,8.515248385222595,380.4075091575092,345.60073260073256,2.5981586060054482,2.600256423115555,0.24580257291369223
4533,3.1728426931916345,2.8271573068083655,63.45685386383269,56.54314613616731,2.724609375,2.9158649241214825,10.51182091545289,8.515248385222595,379.6785714285715,340.8626373626373,2.5822073839202653,2.5857983923265553,0.2377458478286451
4566,3.1882792533225177,2.8117207466774823,63.765585066450356,56.234414933549644,2.900390625,3.199418131176582,5.278801184301341,8.515248385222595,380.77197802197804,333.75549450549454,2.5817983866485466,2.585466742322796,0.3087312026176626
4600,3.2026859182693164,2.7973140817306836,64.05371836538633,55.94628163461367,3.1640625,3.4833274288886535,7.908270443821044,8.515248385222595,380.4075091575092,335.9423076923077,2.5817983866485466,2.585466742322796,0.2881332989359759
4633,3.21333586076947,2.7866641392305294,64.2667172153894,55.73328278461059,3.603515625,3.766527551168654,13.213456558247898,8.515248385222595,386.42124542124543,338.8580586080586,2.588494548097334,2.590829607164353,0.21299885000308139
4666,3.22487036487439,2.77512963512561,64.4974072974878,55.5025927025122,3.955078125,4.051101540653246,10.519731672777871,8.515248385222595,388.4258241758242,336.67124542124543,2.583545418745513,2.5870339080122133,0.2306900820983932
4700,3.2358852780709135,2.764114721929086,64.71770556141827,55.28229443858172,4.306640625,4.334570225354172,10.560750347391203,8.515248385222595,386.7857142857143,333.2087912087912,2.5823958263346083,2.58571211475646,0.22029826393047885
4733,3.2484035711256376,2.751596428874363,64.96807142251275,55.03192857748726,4.5703125,4.618720802627511,7.901555328049034,8.515248385222595,391.34157509157507,332.8443223443224,2.5823958263346083,2.58571211475646,0.2503658610944744
4766,3.2610846249640395,2.7389153750359605,65.22169249928079,54.77830750071921,4.833984375,4.901980684921812,7.926401330244223,8.515248385222595,392.7994505494505,331.7509157509157,2.588788808178997,2.5914709116456445,0.2536210767680405
4800,3.2719611470566554,2.7280388529433446,65.43922294113311,54.56077705886689,5.185546875,5.186332324241532,10.527957628771777,8.515248385222595,393.89285714285717,330.83974358974353,2.5822799353366306,2.585507046059936,0.21753044185232054
4833,3.282287612600245,2.717712387399755,65.6457522520049,54.3542477479951,5.537109375,5.469992125175482,10.553635025383425,8.515248385222595,395.16849816849816,329.0173992673992,2.5814028892488676,2.5846013586030097,0.2065293108717859
4866,3.2940632970485915,2.7059367029514085,65.88126594097183,54.118734059028164,5.80078125,5.753639527907239,7.915572242858317,8.515248385222595,396.26190476190476,327.55952380952374,2.5814028892488676,2.5846013586030097,0.23551368896693756
4900,3.3079902801409076,2.692009719859092,66.15980560281815,53.84019439718184,5.9765625,6.037157303014842,5.279460889698477,8.515248385222595,398.26648351648345,326.28388278388275,2.5900481618971742,2.5893940620789264,0.2785396618463299
4933,3.318774260959834,2.681225739040166,66.37548521919669,53.62451478080331,6.328125,6.321058604908048,10.544657563972429,8.515248385222595,399.3598901098901,324.6437728937729,2.581456642209873,2.583857767096685,0.2156796163785365
4966,3.3310451158937378,2.6689548841062622,66.62090231787475,53.37909768212524,6.591796875,6.605490398261189,7.893743105696907,8.515248385222595,400.45329670329664,324.09706959706955,2.580389092815046,2.5832923041491163,0.24541709867806613
5000,3.3434605718157884,2.656539428184211,66.86921143631577,53.13078856368423,6.85546875,6.8887585318291045,7.926170443326819,8.515248385222595,402.09340659340666,323.00366300366295,2.580389092815046,2.5832923041491163,0.24830911844102047
5033,3.3540562831545033,2.6459437168454967,67.08112566309006,52.91887433690994,7.20703125,7.17308703521968,10.528814293083782,8.515248385222595,403.55128205128204,321.18131868131866,2.5821857884666217,2.5848494351350206,0.2119142267742982
5066,3.366112439705635,2.633887560294365,67.3222487941127,52.67775120588731,7.470703125,7.45718451140611,7.9030322196491785,8.515248385222595,405.191391941392,320.0879120879121,2.57993217710235,2.582382274731083,0.24112313102262728
5100,3.3783065610300245,2.6216934389699746,67.5661312206005,52.433868779399496,7.734375,7.740454228810901,7.926126125984525,8.515248385222595,406.28479853479854,318.0833333333333,2.5786318794948437,2.5811311873758784,0.24388242648780492
5133,3.390688157196263,2.609311842803737,67.81376314392526,52.18623685607474,7.998046875,8.02508661586897,7.88818001714014,8.515248385222595,407.742673992674,317.71886446886447,2.579808558631719,2.5811311873758784,0.2476319233247572
5166,3.4011974651675185,2.5988025348324815,68.02394930335036,51.97605069664964,8.349609375,8.308245302950953,10.572312088603056,8.515248385222595,409.5650183150183,315.5320512820513,2.579808558631719,2.58223152033611,0.21018615942510815
5200,3.413196345083569,2.586803654916431,68.26392690167138,51.73607309832862,8.61328125,8.592823762942073,7.889674811974248,8.515248385222595,410.29395604395603,314.0741758241758,2.5942273983825106,2.593357754941694,0.23997759832102097
5233,3.4253190637942885,2.5746809362057115,68.50638127588577,51.493618724114235,8.876953125,8.875885316584856,7.931955007410763,8.515248385222595,411.7518315018315,313.1630036630037,2.5929678363285844,2.5919443811387057,0.24245437421438415
5266,3.435610402976505,2.564389597023496,68.7122080595301,51.28779194046991,9.228515625,9.160206718257875,10.529077279496006,8.515248385222595,413.3919413919414,310.97619047619054,2.576742368393032,2.5919443811387057,0.20582678364432078
5300,3.4473452694481375,2.5526547305518625,68.94690538896275,51.05309461103725,9.4921875,9.444179301296582,7.906508029038551,8.515248385222595,414.8498168498168,309.7005494505495,2.576742368393032,2.5789864470297883,0.23469732943264626
5333,3.459220644920996,2.540779355079004,69.18441289841992,50.81558710158008,9.755859375,9.728142883716124,7.906758636764689,8.515248385222595,416.12545787545787,308.4249084249084,2.5748709555903426,2.576677929098582,0.23750750945717214
5366,3.4712404986828544,2.528759501317145,69.42480997365709,50.5751900263429,10.01953125,10.011895160247324,7.912646676424105,8.515248385222595,417.40109890109886,306.96703296703294,2.5746860063116794,2.5763211648720854,0.2403970752371764
5400,3.4813904367936375,2.5186095632063625,69.62780873587275,50.37219126412725,10.37109375,10.295225897923402,10.565892126580183,8.515248385222595,419.4056776556776,304.9624542124542,2.587503613509778,2.5763211648720854,0.20299876221565627
5433,3.4930035209166506,2.5069964790833494,69.86007041833301,50.13992958166698,10.634765625,10.579399074667037,7.9009269402223286,8.515248385222595,419.9523809523809,303.8690476190476,2.587503613509778,2.5867289086019265,0.23226168246026901
5466,3.50473973287294,2.49526026712706,70.09479465745879,49.90520534254121,10.8984375,10.862834371077824,7.921495792000159,8.515248385222595,421.7747252747252,302.59340659340654,2.5742492903022054,2.575101326821712,0.23472423912578197
5500,3.51661952456181,2.48338047543819,70.3323904912362,49.6676095087638,11.162109375,11.146358609258368,7.919010812728671,8.515248385222595,422.8681318681318,301.31776556776555,2.5840006101135073,2.5827563946263545,0.23759583377740784
5533,3.5266516589186403,2.4733483410813597,70.5330331783728,49.466966821627196,11.513671875,11.430540292734243,10.534253910435305,8.515248385222595,424.5082417582417,299.4954212454212,2.5645181394940026,2.5665572946140878,0.20064268713660516
5566,3.53812515960496,2.4618748403950392,70.7625031920992,49.23749680790079,11.77734375,11.714578630520673,7.904677675978209,8.515248385222595,425.60164835164835,299.4954212454212,2.5645181394940026,2.5665572946140878,0.2294700137264034
5600,3.549718946520171,2.4502810534798285,70.99437893040343,49.005621069596565,12.041015625,11.997938865016934,7.923594190320247,8.515248385222595,426.5128205128205,297.6730769230769,2.5689187487979317,2.56913515436091,0.2318757383042321
5633,3.561468903939732,2.438531096060268,71.22937807879464,48.77062192120536,12.3046875,12.282134743412769,7.900295811803265,8.515248385222595,428.6996336996337,296.3974358974359,2.579150302500236,2.577995475477345,0.23499914839120858
5666,3.5733763943110324,2.426623605688968,71.46752788622065,48.532472113779356,12.568359375,12.566534681221697,7.894627281285855,8.515248385222595,429.246336996337,294.757326007326,2.5652750605196415,2.5663947775774587,0.2381498074260076
5700,3.583428635768536,2.416571364231463,71.66857271537073,48.331427284629264,12.919921875,12.850670476025279,10.535955219930218,8.515248385222595,433.61996336996333,294.757326007326,2.5652750605196415,2.5663947775774587,0.20104482915008323
5733,3.5949228969997207,2.4050771030002793,71.89845793999442,48.101542060005585,13.18359375,13.134433950107791,7.912334436564957,8.515248385222595,432.5265567765568,291.8415750915751,2.564478604923613,2.5653737350538544,0.2298852246236895
5766,3.606554319028171,2.393445680971829,72.13108638056342,47.86891361943658,13.447265625,13.418132444329732,7.914146721081606,8.515248385222595,434.5311355311355,291.1126373626374,2.5729639557288118,2.57176796560606,0.23262844056899892
5801,3.618510603490937,2.3814893965090635,72.37021206981873,47.62978793018127,13.7109375,13.710144188215153,7.688839763593054,8.515248385222595,435.2600732600732,289.6547619047619,2.5708000799775292,2.569677478950397,0.23912568925531044
5833,3.6282807538548894,2.3717192461451106,72.56561507709779,47.43438492290221,14.0625,13.985793413990955,10.860331647964419,8.515248385222595,435.2600732600732,287.1034798534799,2.5708000799775292,2.569677478950397,0.19540300727905527
5866,3.6396567579276855,2.3603432420723145,72.79313515855371,47.20686484144629,14.326171875,14.269775184982311,7.906252221698762,8.515248385222595,437.9935897435897,287.1034798534799,2.5531692990014245,2.5551711721895636,0.22752008145592062
5900,3.6511616395340023,2.3488383604659973,73.02323279068005,46.976767209319945,14.58984375,14.553371538799677,7.916997089702572,8.515248385222595,439.45146520146517,285.2811355311356,2.5565943391748935,2.5575678475275003,0.23009763212634848
5933,3.662797861360675,2.337202138639325,73.2559572272135,46.7440427727865,14.853515625,14.836455683397602,7.931322013853337,8.515248385222595,440.3626373626373,284.3699633699633,2.5547449677532605,2.555671834643518,0.2327244365334424
5966,3.6744023462847446,2.325597653715255,73.48804692569489,46.511953074305104,15.1171875,15.115919103944126,7.889035330154904,8.173674539679137,441.09157509157507,283.0943223443222,2.5547449677532605,2.555671834643518,0.23208969848139388
6000,3.6837926910841863,2.316207308915814,73.67585382168372,46.32414617831628,15.46875,15.381364051640908,10.575496523807297,7.796243307813335,443.46062271062266,281.6364468864468,2.5641405727826974,2.562974316504903,0.1878068959888265
6033,3.6942171344068515,2.305782865593149,73.88434268813702,46.115657311862975,15.732421875,15.635238781259591,7.900329425220794,7.417317082171023,444.3717948717948,280.54304029304024,2.545074653122989,2.5469317830429596,0.20848886645330553
6066,3.704235740404051,2.295764259595949,74.08471480808103,45.915285191918976,15.99609375,15.876545389052254,7.897691402639738,7.038264285878017,446.0119047619047,278.90293040293034,2.5432899162959,2.5450928842702796,0.2003721199439996
6100,3.71372780023433,2.28627219976567,74.2745560046866,45.7254439953134,16.259765625,16.10479551723722,7.9119771124305265,6.65989589983624,447.2875457875457,273.25366300366295,2.5432899162959,2.5450928842702796,0.18984119660557053
6133,3.7225881947586434,2.2774118052413566,74.45176389517287,45.548236104827126,16.5234375,16.32052712330421,7.908544646775535,6.281363294390259,448.19871794871784,276.53388278388275,2.5491450530460944,2.5496597328048196,0.1772078904862734
6166,3.732697569459935,2.267302430540065,74.6539513891987,45.346048610801304,16.69921875,16.52305655466506,5.287995775403589,5.903949728825481,449.29212454212455,275.44047619047615,2.555361942945321,2.554122523073678,0.20218749402581943
6200,3.7406619614201277,2.2593380385798723,74.81323922840255,45.18676077159745,16.962890625,16.71383817068242,7.897682650011148,5.524896512446169,450.02106227106225,274.16483516483515,2.542248572073818,2.542990412580347,0.15928783920385195
6233,3.747653788401922,2.2523462115980775,74.95307576803845,45.04692423196155,17.2265625,16.891902211055527,7.900557388836411,5.145981220385906,451.4789377289377,272.8891941391941,2.542248572073818,2.542990412580347,0.13983653963590154
6266,3.75555017119441,2.24444982880559,75.1110034238882,44.88899657611179,17.40234375,17.057271747632033,5.268649298799319,4.767181792467755,452.5723443223443,271.61355311355305,2.5423983207444873,2.543461282151182,0.15792765584976265
6300,3.7629206771099404,2.237079322890059,75.25841354219881,44.74158645780118,17.578125,17.20957635068117,5.284051044931007,4.389486474364975,453.84798534798534,270.88461538461536,2.5496575170077476,2.5485325422166407,0.1474101183106083
6333,3.7696638157790825,2.2303361842209175,75.39327631558164,44.60672368441835,17.75390625,17.34931759326747,5.284003710857577,4.011787772869809,454.39468864468864,270.33791208791206,2.5469635843389593,2.5459347688980913,0.13486277338284078
6366,3.77568056183519,2.2243194381648097,75.5136112367038,44.4863887632962,17.9296875,17.477075795934713,5.258692599242368,3.6322711339671887,454.57692307692304,269.06227106227107,2.546088160102546,2.5459347688980913,0.12033492112215521
6400,3.780822827404907,2.219177172595093,75.61645654809814,44.38354345190186,18.10546875,17.591624285297815,5.284136184855436,3.254581901428769,455.3058608058608,269.24450549450546,2.546088160102546,2.5456961418539263,0.10284531139434785
6433,3.7849912776518324,2.215008722348168,75.69982555303665,44.30017444696336,18.28125,17.694025035474112,5.261237374498015,2.875248828574027,456.0347985347985,267.9688644688644,2.5346912177837857,2.5354694413357795,0.08336900493849912
6466,3.790046192933519,2.209953807066481,75.80092385867039,44.19907614132962,18.369140625,17.78329561846382,2.645089771396181,2.497991057993125,456.76373626373623,267.42216117216117,2.5430425563602017,2.541985509763945,0.10109830563373369
6500,3.7925737582516272,2.2074262417483728,75.85147516503255,44.14852483496745,18.544921875,17.860319304651526,5.268596713361808,2.119187849308533,457.1282051282051,267.2399267399268,2.5419436000433007,2.541985509763945,0.050551306362160126
6533,3.7957589896780575,2.2042410103219425,75.91517979356115,44.08482020643885,18.6328125,17.92477319547898,2.631190355936251,1.739937192702885,457.492673992674,266.510989010989,2.5419436000433007,2.541397214200446,0.06370462852859742
6566,3.8001849630874402,2.1998150369125598,76.0036992617488,43.99630073825119,18.6328125,17.976386256287103,0.0,1.3621257947329024,458.2216117216117,269.60897435897436,2.541411684813304,2.5402458874867784,0.0885194681876528
6600,3.802445707701719,2.197554292298281,76.04891415403438,43.95108584596562,18.720703125,18.015547537024155,2.6315258810425903,0.9829234933867648,458.768315018315,266.6932234432234,2.5404271381946355,2.539406822831353,0.0452148922855754
6633,3.803732121407086,2.196267878592914,76.07464242814171,43.92535757185828,18.80859375,18.04195557305542,2.6430746043612885,0.6053780890698803,458.5860805860805,265.4175824175824,2.5239483102435263,2.525906622316846,0.025728274107342144
6666,3.803929181776226,2.196070818223774,76.07858363552452,43.921416364475476,18.896484375,18.055846339774686,2.6300675721144464,0.22596552920890822,459.1327838827838,265.4175824175824,2.5239483102435263,2.525906622316846,0.003941207382812357
6700,3.8049318819092606,2.1950681180907394,76.09863763818521,43.90136236181479,18.896484375,18.05731481865916,0.0,-0.11661843826061317,460.2261904761904,265.0531135531136,2.540036426600308,2.538763968209183,0.02005400266068635
6733,3.8053694967561347,2.1946305032438653,76.1073899351227,43.8926100648773,18.896484375,18.048561639473515,0.0,-0.4076615337124874,459.8617216117216,265.23534798534797,2.528836260275168,2.529782458324193,0.008752296937486373
6766,3.8031467006061006,2.1968532993938994,76.06293401212201,43.937065987877986,18.984375,18.03019970106541,2.6445738748728207,-0.6973369255906812,458.95054945054943,265.78205128205127,2.529861434789697,2.5305801947579147,-0.04445592300068569
6800,3.8014792141613576,2.1985207858386424,76.02958428322715,43.97041571677285,18.984375,18.002040894540816,0.0,-0.9885097958162641,458.768315018315,264.6886446886447,2.529861434789697,2.5305801947579147,-0.0333497288948672
6833,3.798956480617499,2.201043519382501,75.97912961234998,44.02087038765002,18.984375,17.964178734375064,0.0,-1.2795218792032548,459.49725274725273,265.0531135531136,2.529804084094368,2.530423684362519,-0.050454670877170954
6866,3.7954885216648613,2.2045114783351387,75.90977043329723,44.090229566702774,18.984375,17.916743639665608,0.0,-1.5697385615002881,459.3150183150183,265.5998168498168,2.5282783686372117,2.529386399913173,-0.06935917905275149
6900,3.7909790233987173,2.2090209766012827,75.81958046797435,44.18041953202565,18.984375,17.85964113152975,0.0,-1.859975090471731,458.5860805860805,265.5998168498168,2.5397657219838483,2.5387704354513456,-0.09018996532287475
6933,3.7853291818079122,2.2146708181920878,75.70658363615824,44.29341636384176,18.984375,17.792961285832263,0.0,-2.1498582666760235,458.5860805860805,265.9642857142857,2.5397657219838483,2.5387704354513456,-0.11299683181610533
6966,3.778431573409614,2.2215684265903857,75.56863146819228,44.43136853180771,18.984375,17.71643131595493,0.0,-2.4404885041977913,458.5860805860805,265.5998168498168,2.5311646011533555,2.5319871121266866,-0.13795216796595763
7000,3.7701785552242826,2.2298214447757174,75.40357110448565,44.59642889551435,18.984375,17.630272618883534,0.0,-2.7309208327893684,457.6749084249084,265.9642857142857,2.5402991864033777,2.539387413883508,-0.16506036370663252
7033,3.7604505012671128,2.2395494987328877,75.20901002534225,44.790989974657755,18.984375,17.533972303839978,0.0,-3.0226916484196935,457.492673992674,266.32875457875457,2.54044862512692,2.5396083586741884,-0.19456107914340234
7066,3.7491424111846703,2.2508575888153297,74.98284822369341,45.01715177630659,18.984375,17.428741583653657,0.0,-3.3122618450661827,457.8571428571428,266.1465201465201,2.54044862512692,2.5396083586741884,-0.2261618016488431
7100,3.736129062720045,2.2638709372799544,74.72258125440091,45.277418745599086,18.984375,17.31353044735768,0.0,-3.6027036916952486,457.492673992674,266.510989010989,2.5288105431423005,2.5303167507887467,-0.26026696929249665
7133,3.7212863095081956,2.2787136904918044,74.42572619016391,45.574273809836086,18.984375,17.188672203540662,0.0,-3.8930759747222665,457.6749084249084,268.5155677655677,2.541050369925728,2.540165597970456,-0.2968550642369911
7166,3.7105288861573396,2.2894711138426604,74.21057772314678,45.789422276853216,18.720703125,17.05410802824583,-7.912841868526816,-4.183515738191434,455.3058608058608,271.61355311355305,2.540492839479793,2.542029626379098,-0.2151484670171312
7200,3.711961290199056,2.288038709800944,74.23922580398111,45.760774196018886,17.9296875,16.909824057537666,-23.731878660915427,-4.474036849499257,452.5723443223443,274.529304029304,2.540492839479793,2.542029626379098,0.02864808083432649
7233,3.713789177414336,2.286210822585664,74.27578354828673,45.724216451713275,17.314453125,16.75513536177866,-18.37468711092129,-4.765877237447689,449.1098901098901,276.8983516483516,2.5373259647512523,2.5403035936240235,0.03655774430561265
7266,3.7067726094003457,2.2932273905996543,74.13545218800691,45.864547811993084,17.2265625,16.591597900878664,-2.639340512506289,-5.056127006253446,447.834249084249,277.4450549450549,2.5553380433261337,2.554437744399442,-0.14033136027981138
7300,3.696655077401606,2.303344922598394,73.93310154803211,46.06689845196788,17.2265625,16.418324859563242,0.0,-5.346491218124622,446.92307692307685,278.72069597069594,2.558337143904598,2.5575622822480755,-0.2023506399747893
7333,3.6866258465403465,2.3133741534596535,73.73251693080694,46.26748306919306,17.138671875,16.235570370911745,-2.640994414319639,-5.6365592203138535,446.74084249084245,278.53846153846143,2.558337143904598,2.5575622822480755,-0.20058461722517892
7366,3.6792577437788463,2.3207422562211533,73.58515487557693,46.41484512442307,16.875,16.04239728963272,-7.892362051574085,-5.927752643226515,445.1007326007325,279.0851648351648,2.5419911621411155,2.545195092814346,-0.14736205523000054
7400,3.669888897623275,2.330111102376725,73.3977779524655,46.6022220475345,16.69921875,15.840478759278032,-5.286586880409263,-6.2175683564207755,444.3717948717948,280.54304029304024,2.540779503205758,2.5436350112715287,-0.18737692311143087
7433,3.6597220226585034,2.340277977341496,73.19444045317007,46.80555954682992,16.5234375,15.62834427533109,-5.272467787734457,-6.508160164430206,442.91391941391936,281.6364468864468,2.541961659697152,2.5448929048203923,-0.20333749929542366
7466,3.648832503067536,2.351167496932464,72.97665006135072,47.023349938649275,16.34765625,15.41036896394691,-5.2705441820738805,-6.537113374332735,442.18498168498166,283.0943223443222,2.543221899063147,2.5448929048203923,-0.21779039181935006
7500,3.639231141962477,2.360768858037523,72.78462283924954,47.215377160750464,16.083984375,15.192341204089633,-7.905658167685675,-6.537113374332735,440.5448717948717,287.6501831501832,2.543221899063147,2.5469443652236468,-0.19202722210118875
7533,3.6296187318011777,2.3703812681988228,72.59237463602355,47.40762536397646,15.8203125,14.974288871222939,-7.904767253976732,-6.537113374332735,439.2692307692307,289.6547619047619,2.5439164101718057,2.5470136380199917,-0.1922482032259929
7566,3.620012032572484,2.379987967427516,72.40024065144968,47.59975934855032,15.556640625,14.75613835091276,-7.901209394536914,-6.537113374332735,437.0824175824176,286.73901098901104,2.5458359701921274,2.5489707591297766,-0.19213398457386813
7600,3.60842884108117,2.39157115891883,72.1685768216234,47.831423178376596,15.380859375,14.538438198492383,-5.278370031239159,-6.537113374332735,437.4468864468864,287.83241758241763,2.5477837103961485,2.5489707591297766,-0.23166382982627415
7633,3.5981714014609647,2.4018285985390353,71.96342802921929,48.03657197078071,15.1171875,14.320481379388346,-7.908231307390977,-6.537113374332735,435.8067765567765,290.01923076923083,2.5477837103961485,2.551427196565689,-0.20514879240412104
7666,3.587961895413664,2.412038104586336,71.75923790827328,48.24076209172672,14.853515625,14.103180134699997,-7.932089588211677,-6.537113374332735,433.43772893772893,290.7481684981685,2.554518989308407,2.5564458372737566,-0.20419012094601316
7700,3.57776880779041,2.4222311922095896,71.5553761558082,48.44462384419179,14.58984375,13.884460735173441,-7.880658708047588,-6.537113374332735,432.7087912087912,291.4771062271063,2.561266789130615,2.562700076360732,-0.20386175246506671
7733,3.567658301018188,2.432341698981812,71.35316602036376,48.64683397963624,14.326171875,13.66653539880742,-7.909373775626019,-6.537113374332735,430.70421245421244,293.1172161172161,2.5573152021486534,2.5599461614181895,-0.20221013544444685
7766,3.5576345627524066,2.4423654372475925,71.15269125504814,48.84730874495185,14.0625,13.448591052516084,-7.908683890307504,-6.537113374332735,430.70421245421244,293.6639194139195,2.5573152021486534,2.5599461614181895,-0.20047476531561287
7800,3.547726720094147,2.4522732799058535,70.95453440188294,49.04546559811707,13.798828125,13.231004573960496,-7.92169142099304,-6.537113374332735,427.970695970696,294.5750915750916,2.5663280689425743,2.5672639056649444,-0.19815685316520817
7833,3.535928484620269,2.4640715153797306,70.71856969240538,49.28143030759461,13.623046875,13.013279972736026,-5.277777310737693,-6.537113374332735,426.87728937728934,296.9441391941392,2.5672002413546924,2.568475797963976,-0.23596470947755172
7866,3.525539167524754,2.474460832475246,70.51078335049507,49.489216649504925,13.359375,12.794803028205848,-7.889404276522266,-6.537113374332735,425.7838827838828,297.4908424908425,2.556703081919016,2.560224836826469,-0.2077863419103084
7900,3.5152938119050843,2.4847061880949157,70.30587623810169,49.69412376189831,13.095703125,12.577139032559167,-7.918870254021118,-6.537113374332735,424.14377289377285,298.21978021978026,2.556703081919016,2.560224836826469,-0.20490711239338502
7933,3.505189309255877,2.494810690744123,70.10378618511754,49.89621381488246,12.83203125,12.359196229026622,-7.908739873764631,-6.537113374332735,424.3260073260073,300.4065934065934,2.5657577254153736,2.5692927484326145,-0.20209005298414792
7966,3.495259550974944,2.504740449025056,69.90519101949887,50.09480898050113,12.568359375,12.141616490234993,-7.921936803815122,-6.537113374332735,422.8681318681318,301.5,2.560642098969138,2.5643588892032505,-0.19859516561867208
8000,3.4855081856539494,2.5144918143460506,69.71016371307898,50.289836286921016,12.3046875,11.923703829333016,-7.909833845190082,-6.537113374332735,421.22802197802196,302.95787545787545,2.5622108798524024,2.565877399295285,-0.19502730641989027
8033,3.4759746170205426,2.5240253829794574,69.51949234041085,50.48050765958915,12.041015625,11.706325185221857,-7.929265303616838,-6.537113374332735,420.68131868131866,304.051282051282,2.5622108798524024,2.565877399295285,-0.1906713726681306
8066,3.4646235558899967,2.5353764441100033,69.29247111779993,50.707528882200066,11.865234375,11.487616643840237,-5.254033304199508,-6.537113374332735,419.22344322344316,305.5091575091575,2.5646463886688227,2.5736253221210297,-0.22702122261091845
8100,3.454811591065245,2.545188408934755,69.0962318213049,50.9037681786951,11.6015625,11.26993909021962,-7.918377029824534,-6.537113374332735,417.40109890109886,306.2380952380952,2.570607577842696,2.5734164937666453,-0.19623929649504077
8133,3.4452147774400057,2.5547852225599943,68.9042955488001,51.09570445119989,11.337890625,11.051851365420834,-7.903484444565549,-6.537113374332735,416.67216117216117,307.8782051282051,2.571572829769345,2.5745627647033187,-0.1919362725047879
8166,3.435873431564852,2.5641265684351477,68.71746863129704,51.282531368702955,11.07421875,10.834285916758041,-7.92245713228754,-6.537113374332735,414.3031135531136,308.78937728937734,2.571572829769345,2.5745627647033187,-0.18682691750306357
8200,3.4247667809180684,2.575233219081932,68.49533561836137,51.50466438163864,10.8984375,10.616024108630976,-5.264787138861022,-6.537113374332735,413.5741758241758,310.97619047619054,2.571037898338741,2.57991061018429,-0.22213301293567955
8233,3.415233271062227,2.584766728937773,68.30466542124455,51.69533457875545,10.634765625,10.39833880199414,-7.918095011223904,-6.537113374332735,411.9340659340659,310.61172161172163,2.5698457731752775,2.573627990569784,-0.1906701971168204
8266,3.4059731449587254,2.5940268550412746,68.11946289917451,51.8805371008255,10.37109375,10.180946233831595,-7.928757432080712,-6.537113374332735,412.1163003663004,312.434065934066,2.575980507324169,2.5787849952400594,-0.1852025220700482
8300,3.396970709557103,2.603029290442897,67.93941419114205,52.060585808857944,10.107421875,9.962429707080865,-7.887975184889022,-6.537113374332735,409.3827838827839,312.9807692307692,2.575980507324169,2.5787849952400594,-0.1800487080324533
8333,3.3862764610749165,2.6137235389250835,67.72552922149833,52.274470778501666,9.931640625,9.74498374377762,-5.284540319239765,-6.537113374332735,409.01831501831504,314.2564102564103,2.5749540206034265,2.5839305293689914,-0.21388496964371514
8366,3.377159806297074,2.622840193702926,67.54319612594148,52.45680387405852,9.66796875,9.526327505839907,-7.882935134870906,-6.537113374332735,407.92490842490844,315.8965201465201,2.578148534541975,2.580988723269073,-0.18233309555685537
8400,3.3683855976315114,2.6316144023684886,67.36771195263023,52.63228804736978,9.404296875,9.309393045507807,-7.945500857075381,-6.537113374332735,406.28479853479854,316.07875457875457,2.5787741485057127,2.5820378739493357,-0.17548417331125457
8433,3.3578899037721355,2.6421100962278645,67.15779807544271,52.84220192455729,9.228515625,9.09087481910774,-5.258609221127958,-6.537113374332735,405.73809523809524,317.9010989010989,2.5787741485057127,2.5820378739493357,-0.20991387718751595
8466,3.3490243527086356,2.6509756472913644,66.98048705417271,53.01951294582728,8.96484375,8.872947750408642,-7.90931090289585,-6.537113374332735,403.7335164835165,318.99450549450546,2.5790670343553503,2.586499663814967,-0.17731102126999557
8500,3.3404970892739696,2.6595029107260304,66.8099417854794,53.190058214520604,8.701171875,8.655571642697403,-7.929357824308724,-6.537113374332735,405.0091575091575,321.36355311355305,2.581733757600565,2.58450977014179,-0.17054526869332037
8533,3.330289920140391,2.669710079859609,66.60579840280782,53.39420159719218,8.525390625,8.43769385075803,-5.274066485177519,-6.537113374332735,402.6401098901099,320.8168498168498,2.5827672664953654,2.5854639140257523,-0.20414338267157606
8566,3.319710458119015,2.6802895418809856,66.39420916238029,53.605790837619715,8.349609375,8.219692932286822,-5.271087701787275,-6.537113374332735,401.1822344322344,322.4569597069597,2.583760708422726,2.5854639140257523,-0.21158924042753324
8600,3.31076049707834,2.68923950292166,66.2152099415668,53.7847900584332,8.0859375,8.00185653988711,-7.91260322258336,-6.537113374332735,400.45329670329664,323.36813186813185,2.583760708422726,2.5891967750257474,-0.17899922081349254
8633,3.3021396444235767,2.6978603555764233,66.04279288847154,53.95720711152846,7.822265625,7.784068816294575,-7.914371444199124,-6.537113374332735,398.63095238095235,324.6437728937729,2.585199912932881,2.587965091339738,-0.17241705309525895
8666,3.291834519379581,2.708165480620419,65.83669038759162,54.16330961240838,7.646484375,7.565448774354312,-5.2561601861091525,-6.537113374332735,396.6263736263736,325.73717948717945,2.5863295895371445,2.5895129837732265,-0.2061025008799229
8700,3.2832019314445517,2.7167980685554487,65.66403862889103,54.33596137110897,7.3828125,7.348193132568177,-7.933754568245639,-6.537113374332735,395.89743589743586,326.83058608058604,2.5877625866352894,2.5895129837732265,-0.17265175870058683
8733,3.272880310325209,2.727119689674791,65.45760620650418,54.54239379349582,7.20703125,7.129744029605213,-5.260273192912808,-6.537113374332735,394.9862637362637,328.2884615384615,2.5877625866352894,2.5915032669409532,-0.20643242238685672
8766,3.2642295457541173,2.7357704542458827,65.28459091508235,54.71540908491765,6.943359375,6.91244335364566,-7.932110348422061,-6.537113374332735,393.71062271062266,329.1996336996337,2.587298331659217,2.590948627767742,-0.17301529142183225
8800,3.253897349663872,2.7461026503361285,65.07794699327744,54.92205300672257,6.767578125,6.694254421257739,-5.266545593105185,-6.537113374332735,394.257326007326,331.38644688644683,2.58958867836727,2.5949157497991746,-0.20664392180491803
8833,3.245203198460067,2.754796801539933,64.90406396920135,55.095936030798654,6.50390625,6.475754603368969,-7.888578384881493,-6.537113374332735,392.0705128205128,330.83974358974353,2.589996834313215,2.5959300104245946,-0.1738830240760923
8866,3.236878397639438,2.763121602360562,64.73756795278877,55.262432047211234,6.240234375,6.258156312249582,-7.921261383216407,-6.537113374332735,390.4304029304029,332.4798534798535,2.589996834313215,2.5959300104245946,-0.16649601641257786
8900,3.226911658584969,2.7730883414150314,64.53823317169937,55.46176682830063,6.064453125,6.040649664921045,-5.283065940491647,-6.537113374332735,388.9725274725275,333.5732600732601,2.588661860747851,2.596098044513781,-0.19933478108939773
8933,3.2186159351958397,2.7813840648041603,64.37231870391679,55.62768129608321,5.80078125,5.822940112131459,-7.9172131788070255,-6.537113374332735,388.0613553113553,334.48443223443223,2.5857092860567796,2.601905012265207,-0.16591446778258806
8966,3.208659963867351,2.7913400361326484,64.17319927734702,55.82680072265297,5.625,5.604330804130804,-5.2564182689260655,-6.537113374332735,387.51465201465203,335.3956043956044,2.582191152018057,2.6039341861941248,-0.1991194265697592
9000,3.200399820482982,2.799600179517018,64.00799640965964,55.99200359034036,5.361328125,5.387011686974727,-7.931437247925111,-6.537113374332735,385.87454212454213,336.489010989011,2.582191152018057,2.6039341861941248,-0.16520286768738132
9033,3.1904738631007468,2.8095261368992532,63.80947726201494,56.19052273798506,5.185546875,5.168406013609317,-5.25650566447625,-6.537113374332735,385.14560439560444,338.6758241758242,2.5819382364106294,2.6048062953788915,-0.19851914764469908
9066,3.182232248732252,2.817767751267748,63.64464497464504,56.35535502535496,4.921875,4.950591742799194,-7.91340684008926,-6.537113374332735,383.50549450549454,338.6758241758242,2.5843885077251265,2.6046181114840965,-0.1648322873698967
9100,3.172343714329849,2.827656285670151,63.44687428659699,56.55312571340301,4.74609375,4.732416812908678,-5.266883600735232,-6.537113374332735,383.68772893772893,339.40476190476187,2.582035051276792,2.6060123860830244,-0.1977706880480538
9133,3.1643065910641663,2.8356934089358337,63.28613182128333,56.71386817871667,4.482421875,4.518871954492923,-7.9255872097637,-6.275215885283485,382.41208791208794,340.4981684981685,2.582035051276792,2.6060123860830244,-0.1607424653136628
9166,3.1548848492935493,2.8451151507064507,63.09769698587098,56.90230301412902,4.306640625,4.314884473362778,-5.282548363995875,-5.985178607527208,381.13644688644695,343.23168498168496,2.5820646895693464,2.607382287752436,-0.18843483541234124
9200,3.1474706996595923,2.8525293003404077,62.94941399319185,57.05058600680815,4.04296875,4.120176563704243,-7.908312189744642,-5.694572487596318,378.58516483516485,342.13827838827837,2.581496993304802,2.606628987351986,-0.14828299267913794
9233,3.1388426376568197,2.8611573623431803,62.77685275313639,57.22314724686361,3.8671875,3.935148077985719,-5.2719241414625175,-5.403950713458992,378.94963369963375,344.14285714285717,2.582578783423242,2.607466787727467,-0.17256124005545492
9266,3.1303943024564234,2.8696056975435766,62.60788604912847,57.39211395087153,3.69140625,3.75992529838026,-5.275498953982439,-5.11352587204136,378.58516483516485,345.60073260073256,2.582578783423242,2.607466787727467,-0.16896670400792518
9300,3.122197095352168,2.877802904647832,62.44394190704335,57.55605809295665,3.515625,3.594222185972013,-5.270337645507564,-4.82281661389445,378.58516483516485,346.69413919413915,2.5818198361265856,2.6097786667010885,-0.16394414208511787
9333,3.114331874289109,2.885668125710891,62.28663748578219,57.71336251421781,3.33984375,3.4381036171732617,-5.266454076563783,-4.5318929820095,375.85164835164835,347.24084249084245,2.58323030239529,2.609530004073476,-0.1573044212611659
9366,3.1089001176113675,2.8910998823886325,62.17800235222735,57.82199764777265,3.076171875,3.2917536420128037,-7.902934864227658,-4.241089127473563,375.48717948717945,348.88095238095235,2.582433376126656,2.6102650525726503,-0.1086351335548321
9400,3.102710514174053,2.897289485825947,62.05421028348106,57.94578971651894,2.900390625,3.1556497030145856,-5.290445276378518,-3.951484780945281,375.30494505494505,349.7921245421245,2.582433376126656,2.6102650525726503,-0.12379206874628994
9433,3.0951357570057394,2.9048642429942606,61.902715140114786,58.097284859885214,2.8125,3.028698376416582,-2.6350458121225704,-3.660761951751834,374.21153846153845,350.52106227106225,2.5832572778270766,2.611239380597892,-0.1514951433662725
9466,3.0895707871699813,2.9104292128300187,61.791415743399625,58.208584256600375,2.63671875,2.9112167480775266,-5.2594593297352175,-3.3694514099158983,373.3003663003663,351.24999999999994,2.5829690439000683,2.6111904359452622,-0.11129939671516365
9500,3.0848143151617404,2.9151856848382596,61.69628630323481,58.30371369676519,2.4609375,2.803779376358886,-5.275255458530533,-3.0790131630568496,372.38919413919416,351.79670329670324,2.582799458925658,2.6114363213777927,-0.09512944016481763
9533,3.08095989158622,2.91904010841378,61.6191978317244,58.3808021682756,2.28515625,2.705909229678465,-5.268977152791268,-2.7882288414171974,371.478021978022,352.34340659340654,2.582799458925658,2.6114363213777927,-0.07708847151040424
9566,3.076113158366923,2.923886841633077,61.52226316733846,58.47773683266154,2.197265625,2.618055418338608,-2.644494462840173,-2.498544750820969,370.74908424908426,353.07234432234424,2.58328142896481,2.612077394429914,-0.09693466438593934
9600,3.0716600685536832,2.9283399314463168,61.433201371073665,58.566798628926335,2.109375,2.5397124924112386,-2.640291169571651,-2.2083994886683476,370.38461538461536,353.801282051282,2.582791410761657,2.6118252443702152,-0.08906179626479319
9633,3.0676750165642996,2.9323249834357004,61.353500331285986,58.646499668714014,2.021484375,2.4706785302882572,-2.625914451251543,-1.916665699249008,370.0201465201465,353.43681318681314,2.5826729517872447,2.611877222203537,-0.0797010397876823
9666,3.0642597320206995,2.9357402679793005,61.285194640413984,58.714805359586016,1.93359375,2.4117700992986624,-2.6434530788818718,-1.626867488085507,368.92673992673997,353.07234432234424,2.5824253296736996,2.611877222203537,-0.06830569087200258
9700,3.061492358019553,2.938507641980447,61.22984716039105,58.77015283960895,1.845703125,2.362449510961447,-2.6406319553181916,-1.336759670518667,368.7445054945055,352.89010989010984,2.5824253296736996,2.612520468589398,-0.055347480022928136
9733,3.059464012557628,2.940535987442372,61.18928025115255,58.81071974884745,1.7578125,2.3227051345964327,-2.6346011892805175,-1.0459877781079516,368.38003663003667,354.1657509157509,2.5822745715085715,2.611677216556898,-0.04056690923849652
9766,3.056261656393773,2.943738343606227,61.125233127875454,58.874766872124546,1.7578125,2.2926307273943074,0.0,-0.7548670566142466,368.1978021978022,353.61904761904754,2.581793024320804,2.6115873435397656,-0.06404712327709586
9800,3.055283928615549,2.944716071384451,61.10567857231098,58.89432142768902,1.669921875,2.272358425913522,-2.644849626064836,-0.46522186620150485,368.01556776556777,353.9835164835164,2.5822423888911725,2.6115873435397656,-0.019554555564472456
9833,3.0532965505007525,2.9467034494992475,61.06593101001505,58.93406898998495,1.669921875,2.261677847279879,0.0,-0.17390890999146524,369.4734432234432,355.80586080586085,2.5822423888911725,2.61223364240091,-0.039747562295926804
9866,3.053693681301843,2.946306318698157,61.07387362603686,58.92612637396314,1.58203125,2.260556144533388,-2.636440447342609,0.09163754095134861,367.6510989010989,355.62362637362645,2.582594877801206,2.61226308407537,0.0079426160218057
9900,3.053224801542151,2.946775198457849,61.064496030843024,58.935503969156976,1.58203125,2.267438341236401,0.0,0.3203699430403503,370.20238095238096,357.2637362637363,2.5827672664953654,2.612833058071454,-0.009377595193830251
9933,3.0532696256292007,2.9467303743707993,61.06539251258402,58.93460748741598,1.58203125,2.2818995201525123,0.0,0.5483220436025257,368.1978021978022,355.441391941392,2.582689188232631,2.612986212915273,0.000896481740995078
9966,3.053894232262258,2.946105767737742,61.077884645245156,58.922115354754844,1.58203125,2.303949363817074,0.0,0.7762670373834033,368.38003663003667,356.17032967032975,2.582689188232631,2.612986212915273,0.01249213266113762
