ms,valve_a_pct,valve_b_pct,q_des,pid_u,adc0_raw,adc0_volt,adc0_kpa,adc1_raw,adc1_volt,adc1_kpa,tension_0x2B,tension_0x2A,enc_deg
0,0.0,0.0,,,2798,3.416,363.6,2785,3.400,361.3,,,0.879
33,0.0,0.0,,,2690,3.284,344.0,2663,3.252,339.0,,,1.318
66,0.0,0.0,,,2594,3.167,326.5,2564,3.131,321.0,,,1.758
100,0.0,0.0,,,2528,3.087,314.4,2478,3.026,305.3,,,1.934
133,0.0,0.0,,,2440,2.979,298.4,2381,2.907,287.7,,,1.934
166,0.0,0.0,,,2370,2.894,285.6,2306,2.816,274.0,,,1.934
200,0.0,0.0,,,2306,2.816,274.0,2235,2.729,261.0,2.29753,2.24966,2.373
233,0.0,0.0,,,2242,2.737,262.3,2162,2.640,247.7,2.29753,2.24966,2.812
266,0.0,0.0,,,2169,2.648,249.0,2091,2.553,234.8,2.29753,2.24966,3.164
300,0.0,0.0,,,2111,2.578,238.4,2025,2.473,222.8,2.29753,2.24966,3.252
333,0.0,0.0,,,2073,2.531,231.5,1973,2.409,213.3,2.29753,2.24966,3.252
366,0.0,0.0,,,2018,2.464,221.5,1918,2.342,203.3,2.29753,2.24966,3.252
400,0.0,0.0,,,1966,2.400,212.0,1874,2.288,195.3,2.29753,2.24966,3.164
433,0.0,0.0,,,1931,2.358,205.6,1833,2.238,187.8,2.18184,2.24947,2.988
466,0.0,0.0,,,1903,2.324,200.5,1806,2.205,182.9,2.18184,2.24947,2.900
500,0.0,0.0,,,1852,2.261,191.2,1754,2.142,173.4,2.18184,2.24947,2.812
533,0.0,0.0,,,1819,2.221,185.2,1704,2.081,164.3,2.18184,2.24947,2.812
566,0.0,0.0,,,1788,2.183,179.6,1675,2.045,159.0,2.18184,2.24947,2.812
600,0.0,0.0,,,1747,2.133,172.1,1634,1.995,151.5,2.18184,2.24947,2.812
633,0.0,0.0,,,1715,2.094,166.3,1603,1.957,145.9,2.18184,2.24947,2.988
666,0.0,0.0,,,1687,2.060,161.2,1568,1.915,139.5,2.18194,2.24951,3.164
700,0.0,0.0,,,1650,2.015,154.4,1539,1.879,134.2,2.18194,2.24951,3.340
733,0.0,0.0,,,1618,1.976,148.6,1505,1.838,128.0,2.18194,2.24951,3.604
766,0.0,0.0,,,1595,1.947,144.4,1468,1.792,121.3,2.18194,2.24951,3.955
800,0.0,0.0,,,1557,1.901,137.5,1425,1.740,113.4,2.18194,2.24951,4.482
833,0.0,0.0,,,1520,1.856,130.7,1387,1.694,106.5,2.18194,2.24951,5.098
866,0.0,0.0,,,1493,1.823,125.8,1349,1.647,99.6,2.18194,2.24951,5.977
900,0.0,0.0,,,1450,1.770,118.0,1303,1.591,91.2,2.18188,2.24940,6.592
933,0.0,0.0,,,1424,1.739,113.3,1268,1.548,84.8,2.18188,2.24940,7.207
966,0.0,0.0,,,1386,1.692,106.3,1220,1.490,76.1,2.18188,2.24940,7.822
1000,0.0,0.0,,,1342,1.639,98.3,1178,1.438,68.4,2.18188,2.24940,8.262
1033,0.0,0.0,,,1307,1.596,91.9,1141,1.393,61.7,2.18188,2.24940,8.701
1066,0.0,0.0,,,1270,1.551,85.2,1098,1.341,53.8,2.18188,2.24940,9.141
1100,0.0,0.0,,,1231,1.503,78.1,1065,1.300,47.8,2.18166,2.24947,9.668
1133,0.0,0.0,,,1194,1.458,71.3,1033,1.261,42.0,2.18166,2.24947,10.107
1166,0.0,0.0,,,1159,1.415,65.0,999,1.220,35.8,2.18166,2.24947,10.723
1200,0.0,0.0,,,1117,1.364,57.3,964,1.177,29.4,2.18166,2.24947,11.250
1233,0.0,0.0,,,1081,1.320,50.7,941,1.149,25.2,2.18166,2.24947,11.865
1266,0.0,0.0,,,1041,1.271,43.5,911,1.112,19.8,2.18166,2.24947,12.393
1300,0.0,0.0,,,1010,1.233,37.8,882,1.077,14.5,2.18166,2.24947,12.832
1333,0.0,0.0,,,974,1.189,31.2,863,1.054,11.0,2.18179,2.24965,13.359
1366,0.0,0.0,,,946,1.155,26.1,850,1.038,8.6,2.18179,2.24965,13.799
1400,0.0,0.0,,,929,1.134,23.0,839,1.024,6.6,2.18179,2.24965,14.326
1434,0.0,0.0,,,900,1.099,17.8,833,1.017,5.6,2.18179,2.24965,14.941
1466,0.0,0.0,,,881,1.076,14.3,824,1.006,3.9,2.18179,2.24965,15.469
1500,0.0,0.0,,,872,1.065,12.7,821,1.002,3.4,2.18179,2.24965,15.996
1533,0.0,0.0,,,855,1.044,9.6,818,0.999,2.8,2.18179,2.24965,16.348
1566,0.0,0.0,,,841,1.027,7.0,816,0.996,2.5,2.18196,2.24905,16.699
1600,0.0,0.0,,,836,1.021,6.1,821,1.002,3.4,2.18196,2.24905,16.963
1633,0.0,0.0,,,831,1.015,5.2,819,1.000,3.0,2.18196,2.24905,17.051
1666,0.0,0.0,,,831,1.015,5.2,821,1.002,3.4,2.18196,2.24905,17.227
1700,0.0,0.0,,,827,1.010,4.5,822,1.004,3.5,2.18196,2.24905,17.402
1733,0.0,0.0,,,826,1.009,4.3,818,0.999,2.8,2.18196,2.24905,17.578
1766,0.0,0.0,,,824,1.006,3.9,816,0.996,2.5,2.18196,2.24905,17.754
1800,0.0,0.0,,,825,1.007,4.1,815,0.995,2.3,2.18194,2.24942,18.018
1833,0.0,0.0,,,830,1.013,5.0,820,1.001,3.2,2.18194,2.24942,18.193
1866,0.0,0.0,,,831,1.015,5.2,819,1.000,3.0,2.18194,2.24942,18.369
1900,0.0,0.0,,,826,1.009,4.3,816,0.996,2.5,2.18194,2.24942,18.545
1933,0.0,0.0,,,829,1.012,4.8,811,0.990,1.5,2.18194,2.24942,18.721
1966,0.0,0.0,,,823,1.005,3.7,813,0.993,1.9,2.18194,2.24942,18.896
2000,0.0,0.0,,,825,1.007,4.1,819,1.000,3.0,2.18182,2.24929,19.072
2033,0.0,0.0,,,828,1.011,4.6,821,1.002,3.4,2.18182,2.24929,19.248
2066,0.0,0.0,,,828,1.011,4.6,820,1.001,3.2,2.18182,2.24929,19.336
2100,0.0,0.0,,,826,1.009,4.3,820,1.001,3.2,2.18182,2.24929,19.512
2133,0.0,0.0,,,827,1.010,4.5,821,1.002,3.4,2.18182,2.24929,19.600
2167,0.0,0.0,,,825,1.007,4.1,820,1.001,3.2,2.18182,2.24929,19.688
2200,0.0,0.0,,,826,1.009,4.3,818,0.999,2.8,2.18182,2.24980,19.775
2233,0.0,0.0,,,824,1.006,3.9,818,0.999,2.8,2.18182,2.24980,19.863
2266,0.0,0.0,,,824,1.006,3.9,811,0.990,1.5,2.18182,2.24980,20.039
2300,0.0,0.0,,,823,1.005,3.7,817,0.998,2.6,2.18182,2.24980,20.127
2333,0.0,0.0,,,827,1.010,4.5,821,1.002,3.4,2.18182,2.24980,20.303
2367,0.0,0.0,,,826,1.009,4.3,817,0.998,2.6,2.18182,2.24980,20.479
2400,0.0,0.0,,,824,1.006,3.9,817,0.998,2.6,2.18214,2.24925,20.742
2433,0.0,0.0,,,825,1.007,4.1,818,0.999,2.8,2.18214,2.24925,21.006
2466,0.0,0.0,,,827,1.010,4.5,820,1.001,3.2,2.18214,2.24925,21.357
2500,0.0,0.0,,,829,1.012,4.8,817,0.998,2.6,2.18214,2.24925,21.709
2533,0.0,0.0,,,824,1.006,3.9,817,0.998,2.6,2.18214,2.24925,21.973
2566,0.0,0.0,,,833,1.017,5.6,820,1.001,3.2,2.18214,2.24925,22.236
2600,0.0,0.0,,,822,1.004,3.5,816,0.996,2.5,2.18214,2.24925,22.324
2633,0.0,0.0,,,824,1.006,3.9,816,0.996,2.5,2.18220,2.24912,22.500
2666,0.0,0.0,,,828,1.011,4.6,818,0.999,2.8,2.18220,2.24912,22.500
2700,0.0,0.0,,,827,1.010,4.5,821,1.002,3.4,2.18220,2.24912,22.500
2733,0.0,0.0,,,827,1.010,4.5,817,0.998,2.6,2.18220,2.24912,22.500
2766,0.0,0.0,,,824,1.006,3.9,819,1.000,3.0,2.18220,2.24912,22.412
2800,0.0,0.0,,,831,1.015,5.2,816,0.996,2.5,2.18220,2.24912,22.236
2833,0.0,0.0,,,827,1.010,4.5,817,0.998,2.6,2.18220,2.24912,22.061
2866,0.0,0.0,,,826,1.009,4.3,817,0.998,2.6,2.18198,2.24918,21.709
2900,0.0,0.0,,,826,1.009,4.3,816,0.996,2.5,2.18198,2.24918,21.357
2933,0.0,0.0,,,826,1.009,4.3,815,0.995,2.3,2.18198,2.24918,20.918
2966,0.0,0.0,,,821,1.002,3.4,816,0.996,2.5,2.18198,2.24918,20.479
3000,0.0,0.0,,,824,1.006,3.9,814,0.994,2.1,2.18198,2.24918,20.039
3033,0.0,0.0,,,828,1.011,4.6,817,0.998,2.6,2.18198,2.24918,19.688
3066,0.0,0.0,,,826,1.009,4.3,818,0.999,2.8,2.18196,2.24900,19.336
3100,0.0,0.0,,,829,1.012,4.8,826,1.009,4.3,2.18196,2.24900,19.160
3133,0.0,0.0,,,828,1.011,4.6,816,0.996,2.5,2.18196,2.24900,18.809
3166,0.0,0.0,,,831,1.015,5.2,822,1.004,3.5,2.18196,2.24900,18.369
3200,0.0,0.0,,,824,1.006,3.9,817,0.998,2.6,2.18196,2.24900,17.930
3233,0.0,0.0,,,822,1.004,3.5,817,0.998,2.6,2.18196,2.24900,17.490
3266,0.0,0.0,,,824,1.006,3.9,820,1.001,3.2,2.18196,2.24900,17.051
3300,0.0,0.0,,,828,1.011,4.6,816,0.996,2.5,2.18196,2.24947,16.611
3333,0.0,0.0,,,827,1.010,4.5,820,1.001,3.2,2.18196,2.24947,16.260
3366,0.0,0.0,,,824,1.006,3.9,818,0.999,2.8,2.18196,2.24947,15.996
3400,0.0,0.0,,,825,1.007,4.1,813,0.993,1.9,2.18196,2.24947,15.557
3433,0.0,0.0,,,820,1.001,3.2,818,0.999,2.8,2.18196,2.24947,15.029
3466,0.0,0.0,,,824,1.006,3.9,820,1.001,3.2,2.18196,2.24947,14.414
3500,0.0,0.0,,,825,1.007,4.1,816,0.996,2.5,2.18196,2.24947,13.623
3533,0.0,0.0,,,824,1.006,3.9,814,0.994,2.1,2.18197,2.24953,12.832
3566,0.0,0.0,,,829,1.012,4.8,816,0.996,2.5,2.18197,2.24953,12.041
3600,0.0,0.0,,,806,0.984,0.6,820,1.001,3.2,2.18197,2.24953,11.426
3633,0.0,0.0,,,827,1.010,4.5,815,0.995,2.3,2.18197,2.24953,10.986
3666,0.0,0.0,,,822,1.004,3.5,817,0.998,2.6,2.18197,2.24953,10.635
3700,0.0,0.0,,,832,1.016,5.4,820,1.001,3.2,2.18197,2.24953,10.195
3733,0.0,0.0,,,820,1.001,3.2,817,0.998,2.6,2.18165,2.24957,9.756
3766,0.0,0.0,,,822,1.004,3.5,814,0.994,2.1,2.18165,2.24957,9.141
3800,0.0,0.0,,,827,1.010,4.5,814,0.994,2.1,2.18165,2.24957,8.438
3833,0.0,0.0,,,824,1.006,3.9,816,0.996,2.5,2.18165,2.24957,7.734
3866,0.0,0.0,,,824,1.006,3.9,818,0.999,2.8,2.18165,2.24957,6.943
3900,0.0,0.0,,,822,1.004,3.5,814,0.994,2.1,2.18165,2.24957,6.240
3933,0.0,0.0,,,825,1.007,4.1,815,0.995,2.3,2.18165,2.24957,5.537
3966,0.0,0.0,,,822,1.004,3.5,815,0.995,2.3,2.18150,2.24964,5.010
4000,0.0,0.0,,,820,1.001,3.2,817,0.998,2.6,2.18150,2.24964,4.395
4033,0.0,0.0,,,827,1.010,4.5,813,0.993,1.9,2.18150,2.24964,3.779
4066,0.0,0.0,,,822,1.004,3.5,818,0.999,2.8,2.18150,2.24964,3.340
4100,0.0,0.0,,,825,1.007,4.1,813,0.993,1.9,2.18150,2.24964,2.900
4133,0.0,0.0,,,828,1.011,4.6,814,0.994,2.1,2.18150,2.24964,2.549
4166,0.0,0.0,,,828,1.011,4.6,820,1.001,3.2,2.18172,2.24948,2.197
4200,0.0,0.0,,,829,1.012,4.8,819,1.000,3.0,2.18172,2.24948,1.934
4233,0.0,0.0,,,829,1.012,4.8,822,1.004,3.5,2.18172,2.24948,1.582
4266,0.0,0.0,,,820,1.001,3.2,816,0.996,2.5,2.18172,2.24948,1.318
4300,0.0,0.0,,,825,1.007,4.1,819,1.000,3.0,2.18172,2.24948,0.967
4333,0.0,0.0,,,826,1.009,4.3,817,0.998,2.6,2.18172,2.24948,0.527
4366,0.0,0.0,,,825,1.007,4.1,817,0.998,2.6,2.18140,2.24937,0.088
4400,0.0,0.0,,,824,1.006,3.9,819,1.000,3.0,2.18140,2.24937,-0.176
4433,0.0,0.0,,,828,1.011,4.6,813,0.993,1.9,2.18140,2.24937,-0.439
4466,0.0,0.0,,,824,1.006,3.9,821,1.002,3.4,2.18140,2.24937,-0.703
4500,0.0,0.0,,,827,1.010,4.5,818,0.999,2.8,2.18140,2.24937,-1.055
4533,0.0,0.0,,,830,1.013,5.0,821,1.002,3.4,2.18140,2.24937,-1.318
4566,0.0,0.0,,,823,1.005,3.7,816,0.996,2.5,2.18145,2.24934,-1.758
4600,0.0,0.0,,,822,1.004,3.5,817,0.998,2.6,2.18145,2.24934,-2.109
4633,0.0,0.0,,,820,1.001,3.2,818,0.999,2.8,2.18145,2.24934,-2.373
4666,0.0,0.0,,,827,1.010,4.5,813,0.993,1.9,2.18145,2.24934,-2.637
4700,0.0,0.0,,,826,1.009,4.3,823,1.005,3.7,2.18145,2.24934,-2.900
4733,0.0,0.0,,,830,1.013,5.0,818,0.999,2.8,2.18145,2.24934,-3.076
4766,0.0,0.0,,,828,1.011,4.6,820,1.001,3.2,2.18145,2.24934,-3.252
4800,0.0,0.0,,,826,1.009,4.3,818,0.999,2.8,2.18168,2.24920,-3.428
4833,0.0,0.0,,,828,1.011,4.6,818,0.999,2.8,2.18168,2.24920,-3.691
4866,0.0,0.0,,,826,1.009,4.3,817,0.998,2.6,2.18168,2.24920,-3.867
4900,0.0,0.0,,,826,1.009,4.3,821,1.002,3.4,2.18168,2.24920,-4.043
4933,0.0,0.0,,,828,1.011,4.6,822,1.004,3.5,2.18168,2.24920,-4.131
4966,0.0,0.0,,,824,1.006,3.9,823,1.005,3.7,2.18168,2.24920,-4.219
5000,0.0,0.0,,,827,1.010,4.5,823,1.005,3.7,2.18168,2.24920,-4.307
5033,0.0,0.0,,,828,1.011,4.6,817,0.998,2.6,2.18162,2.24945,-4.395
5067,0.0,0.0,,,829,1.012,4.8,820,1.001,3.2,2.18162,2.24945,-4.482
5100,0.0,0.0,,,828,1.011,4.6,819,1.000,3.0,2.18162,2.24945,-4.570
5133,0.0,0.0,,,826,1.009,4.3,816,0.996,2.5,2.18162,2.24945,-4.658
5166,0.0,0.0,,,826,1.009,4.3,819,1.000,3.0,2.18162,2.24945,-4.834
5200,0.0,0.0,,,829,1.012,4.8,818,0.999,2.8,2.18162,2.24945,-5.010
5233,0.0,0.0,,,825,1.007,4.1,818,0.999,2.8,2.18162,2.24945,-5.186
5266,0.0,0.0,,,826,1.009,4.3,820,1.001,3.2,2.18175,2.24984,-5.273
5300,0.0,0.0,,,829,1.012,4.8,823,1.005,3.7,2.18175,2.24984,-5.361
5333,0.0,0.0,,,824,1.006,3.9,819,1.000,3.0,2.18175,2.24984,-5.449
5366,0.0,0.0,,,826,1.009,4.3,818,0.999,2.8,2.18175,2.24984,-5.625
5400,0.0,0.0,,,827,1.010,4.5,821,1.002,3.4,2.18175,2.24984,-5.889
5433,0.0,0.0,,,827,1.010,4.5,820,1.001,3.2,2.18175,2.24984,-6.152
5466,0.0,0.0,,,826,1.009,4.3,819,1.000,3.0,2.18199,2.24934,-6.416
5500,0.0,0.0,,,829,1.012,4.8,819,1.000,3.0,2.18199,2.24934,-6.592
5533,0.0,0.0,,,828,1.011,4.6,820,1.001,3.2,2.18199,2.24934,-6.855
5566,0.0,0.0,,,826,1.009,4.3,818,0.999,2.8,2.18199,2.24934,-7.031
5600,0.0,0.0,,,823,1.005,3.7,814,0.994,2.1,2.18199,2.24934,-7.207
5633,0.0,0.0,,,824,1.006,3.9,814,0.994,2.1,2.18199,2.24934,-7.471
5666,0.0,0.0,,,824,1.006,3.9,816,0.996,2.5,2.18199,2.24934,-7.734
5700,0.0,0.0,,,827,1.010,4.5,819,1.000,3.0,2.18171,2.24960,-8.086
5733,0.0,0.0,,,829,1.012,4.8,821,1.002,3.4,2.18171,2.24960,-8.262
5766,0.0,0.0,,,829,1.012,4.8,819,1.000,3.0,2.18171,2.24960,-8.525
5800,0.0,0.0,,,829,1.012,4.8,820,1.001,3.2,2.18171,2.24960,-8.789
5833,0.0,0.0,,,824,1.006,3.9,818,0.999,2.8,2.18171,2.24960,-8.965
5866,0.0,0.0,,,822,1.004,3.5,816,0.996,2.5,2.18171,2.24960,-9.229
5900,0.0,0.0,,,826,1.009,4.3,815,0.995,2.3,2.18171,2.24960,-9.316
5933,0.0,0.0,,,826,1.009,4.3,817,0.998,2.6,2.18186,2.24964,-9.404
5966,0.0,0.0,,,824,1.006,3.9,814,0.994,2.1,2.18186,2.24964,-9.492
6000,0.0,0.0,,,824,1.006,3.9,816,0.996,2.5,2.18186,2.24964,-9.668
6033,0.0,0.0,,,826,1.009,4.3,814,0.994,2.1,2.18186,2.24964,-9.844
6066,0.0,0.0,,,822,1.004,3.5,817,0.998,2.6,2.18186,2.24964,-10.020
6100,0.0,0.0,,,822,1.004,3.5,814,0.994,2.1,2.18186,2.24964,-10.107
6133,0.0,0.0,,,827,1.010,4.5,816,0.996,2.5,2.18165,2.24945,-10.195
6166,0.0,0.0,,,825,1.007,4.1,813,0.993,1.9,2.18165,2.24945,-10.195
6200,0.0,0.0,,,829,1.012,4.8,818,0.999,2.8,2.18165,2.24945,-10.020
6233,0.0,0.0,,,827,1.010,4.5,815,0.995,2.3,2.18165,2.24945,-9.844
6266,0.0,0.0,,,819,1.000,3.0,814,0.994,2.1,2.18165,2.24945,-9.492
6300,0.0,0.0,,,826,1.009,4.3,817,0.998,2.6,2.18165,2.24945,-9.053
6333,0.0,0.0,,,829,1.012,4.8,816,0.996,2.5,2.18177,2.24975,-8.613
6366,0.0,0.0,,,830,1.013,5.0,819,1.000,3.0,2.18177,2.24975,-7.910
6400,0.0,0.0,,,827,1.010,4.5,818,0.999,2.8,2.18177,2.24975,-7.031
6433,0.0,0.0,,,824,1.006,3.9,816,0.996,2.5,2.18177,2.24975,-6.064
6466,0.0,0.0,,,822,1.004,3.5,808,0.987,1.0,2.18177,2.24975,-5.010
6500,0.0,0.0,,,823,1.005,3.7,817,0.998,2.6,2.18177,2.24975,-3.955
6533,0.0,0.0,,,827,1.010,4.5,816,0.996,2.5,2.18177,2.24975,-2.900
6566,0.0,0.0,,,825,1.007,4.1,817,0.998,2.6,2.18214,2.24948,-1.934
6600,0.0,0.0,,,827,1.010,4.5,814,0.994,2.1,2.18214,2.24948,-0.791
6633,0.0,0.0,,,819,1.000,3.0,822,1.004,3.5,2.18214,2.24948,0.615
6666,0.0,0.0,,,826,1.009,4.3,814,0.994,2.1,2.18214,2.24948,2.021
6700,0.0,0.0,,,827,1.010,4.5,820,1.001,3.2,2.18214,2.24948,3.516
6733,0.0,0.0,,,828,1.011,4.6,817,0.998,2.6,2.18214,2.24948,4.658
6766,0.0,0.0,,,823,1.005,3.7,815,0.995,2.3,2.18214,2.24948,5.977
6800,0.0,0.0,,,824,1.006,3.9,819,1.000,3.0,2.18179,2.25013,7.207
6834,0.0,0.0,,,827,1.010,4.5,818,0.999,2.8,2.18179,2.25013,8.086
6866,0.0,0.0,,,826,1.009,4.3,818,0.999,2.8,2.18179,2.25013,9.141
6900,0.0,0.0,,,824,1.006,3.9,817,0.998,2.6,2.18179,2.25013,10.195
6933,0.0,0.0,,,826,1.009,4.3,814,0.994,2.1,2.18179,2.25013,11.250
6966,0.0,0.0,,,826,1.009,4.3,817,0.998,2.6,2.18179,2.25013,12.305
7000,0.0,0.0,,,828,1.011,4.6,817,0.998,2.6,2.18168,2.24995,13.096
7033,0.0,0.0,,,831,1.015,5.2,818,0.999,2.8,2.18168,2.24995,13.799
7067,0.0,0.0,,,825,1.007,4.1,817,0.998,2.6,2.18168,2.24995,14.326
7100,0.0,0.0,,,826,1.009,4.3,816,0.996,2.5,2.18168,2.24995,14.854
7133,0.0,0.0,,,829,1.012,4.8,821,1.002,3.4,2.18168,2.24995,15.205
7166,0.0,0.0,,,827,1.010,4.5,814,0.994,2.1,2.18168,2.24995,15.645
7200,0.0,0.0,,,826,1.009,4.3,818,0.999,2.8,2.18168,2.24995,15.996
7233,0.0,0.0,,,824,1.006,3.9,817,0.998,2.6,2.18174,2.24907,16.348
7266,0.0,0.0,,,825,1.007,4.1,814,0.994,2.1,2.18174,2.24907,16.699
7300,0.0,0.0,,,822,1.004,3.5,817,0.998,2.6,2.18174,2.24907,16.963
7334,0.0,0.0,,,826,1.009,4.3,818,0.999,2.8,2.18174,2.24907,17.227
7366,0.0,0.0,,,826,1.009,4.3,814,0.994,2.1,2.18174,2.24907,17.490
7400,0.0,0.0,,,826,1.009,4.3,813,0.993,1.9,2.18174,2.24907,17.754
7433,0.0,0.0,,,821,1.002,3.4,819,1.000,3.0,2.18174,2.24907,18.105
7466,0.0,0.0,,,828,1.011,4.6,817,0.998,2.6,2.18179,2.24935,18.457
7500,0.0,0.0,,,825,1.007,4.1,814,0.994,2.1,2.18179,2.24935,18.721
7533,0.0,0.0,,,824,1.006,3.9,819,1.000,3.0,2.18179,2.24935,18.984
7566,0.0,0.0,,,825,1.007,4.1,818,0.999,2.8,2.18179,2.24935,19.160
7600,0.0,0.0,,,824,1.006,3.9,817,0.998,2.6,2.18179,2.24935,19.336
7633,0.0,0.0,,,827,1.010,4.5,817,0.998,2.6,2.18179,2.24935,19.512
7666,0.0,0.0,,,825,1.007,4.1,822,1.004,3.5,2.18179,2.24935,19.688
7700,0.0,0.0,,,826,1.009,4.3,821,1.002,3.4,2.18226,2.24938,19.775
7733,0.0,0.0,,,827,1.010,4.5,824,1.006,3.9,2.18226,2.24938,19.951
7766,0.0,0.0,,,827,1.010,4.5,819,1.000,3.0,2.18226,2.24938,20.127
7800,0.0,0.0,,,826,1.009,4.3,817,0.998,2.6,2.18226,2.24938,20.391
7833,0.0,0.0,,,827,1.010,4.5,820,1.001,3.2,2.18226,2.24938,20.566
7866,0.0,0.0,,,824,1.006,3.9,820,1.001,3.2,2.18226,2.24938,20.830
7900,0.0,0.0,,,829,1.012,4.8,822,1.004,3.5,2.18226,2.24938,21.094
7933,0.0,0.0,,,827,1.010,4.5,817,0.998,2.6,2.18215,2.24898,21.270
7966,0.0,0.0,,,827,1.010,4.5,820,1.001,3.2,2.18215,2.24898,21.533
8000,0.0,0.0,,,833,1.017,5.6,816,0.996,2.5,2.18215,2.24898,21.797
8033,0.0,0.0,,,824,1.006,3.9,819,1.000,3.0,2.18215,2.24898,21.973
8066,0.0,0.0,,,826,1.009,4.3,815,0.995,2.3,2.18215,2.24898,22.148
8100,0.0,0.0,,,829,1.012,4.8,819,1.000,3.0,2.18215,2.24898,22.324
8133,0.0,0.0,,,824,1.006,3.9,815,0.995,2.3,2.18273,2.24927,22.500
8166,0.0,0.0,,,831,1.015,5.2,821,1.002,3.4,2.18273,2.24927,22.676
8200,0.0,0.0,,,826,1.009,4.3,820,1.001,3.2,2.18273,2.24927,22.764
8233,0.0,0.0,,,829,1.012,4.8,824,1.006,3.9,2.18273,2.24927,22.764
8266,0.0,0.0,,,825,1.007,4.1,814,0.994,2.1,2.18273,2.24927,22.852
8300,0.0,0.0,,,823,1.005,3.7,818,0.999,2.8,2.18273,2.24927,22.852
8333,0.0,0.0,,,824,1.006,3.9,806,0.984,0.6,2.18215,2.24910,22.764
8366,0.0,0.0,,,826,1.009,4.3,820,1.001,3.2,2.18215,2.24910,22.588
8400,0.0,0.0,,,822,1.004,3.5,814,0.994,2.1,2.18215,2.24910,22.412
8433,0.0,0.0,,,825,1.007,4.1,817,0.998,2.6,2.18215,2.24910,22.324
8466,0.0,0.0,,,829,1.012,4.8,819,1.000,3.0,2.18215,2.24910,22.236
8500,0.0,0.0,,,824,1.006,3.9,818,0.999,2.8,2.18215,2.24910,21.973
8533,0.0,0.0,,,825,1.007,4.1,815,0.995,2.3,2.18215,2.24910,21.621
8566,0.0,0.0,,,824,1.006,3.9,816,0.996,2.5,2.18227,2.24865,21.270
8600,0.0,0.0,,,812,0.991,1.7,818,0.999,2.8,2.18227,2.24865,20.742
8633,0.0,0.0,,,823,1.005,3.7,816,0.996,2.5,2.18227,2.24865,20.215
8668,0.0,0.0,,,828,1.011,4.6,819,1.000,3.0,2.18227,2.24865,19.512
8700,0.0,0.0,,,826,1.009,4.3,823,1.005,3.7,2.18227,2.24865,18.984
8733,0.0,0.0,,,832,1.016,5.4,817,0.998,2.6,2.18227,2.24865,18.545
8766,0.0,0.0,,,822,1.004,3.5,814,0.994,2.1,2.18227,2.24865,18.018
8800,0.0,0.0,,,825,1.007,4.1,817,0.998,2.6,2.18185,2.24965,17.578
8833,0.0,0.0,,,828,1.011,4.6,819,1.000,3.0,2.18185,2.24965,17.139
8866,0.0,0.0,,,823,1.005,3.7,814,0.994,2.1,2.18185,2.24965,16.523
8900,0.0,0.0,,,824,1.006,3.9,815,0.995,2.3,2.18185,2.24965,15.908
8933,0.0,0.0,,,824,1.006,3.9,819,1.000,3.0,2.18185,2.24965,15.205
8966,0.0,0.0,,,827,1.010,4.5,817,0.998,2.6,2.18185,2.24965,14.502
9000,0.0,0.0,,,826,1.009,4.3,819,1.000,3.0,2.18185,2.24965,13.887
9033,0.0,0.0,,,825,1.007,4.1,818,0.999,2.8,2.18158,2.24933,13.359
9066,0.0,0.0,,,820,1.001,3.2,819,1.000,3.0,2.18158,2.24933,12.920
9100,0.0,0.0,,,828,1.011,4.6,817,0.998,2.6,2.18158,2.24933,12.568
9133,0.0,0.0,,,829,1.012,4.8,822,1.004,3.5,2.18158,2.24933,12.217
9166,0.0,0.0,,,825,1.007,4.1,816,0.996,2.5,2.18158,2.24933,11.953
9200,0.0,0.0,,,826,1.009,4.3,817,0.998,2.6,2.18158,2.24933,11.602
9233,0.0,0.0,,,828,1.011,4.6,817,0.998,2.6,2.18158,2.24933,11.162
9266,0.0,0.0,,,824,1.006,3.9,819,1.000,3.0,2.18174,2.24949,10.547
9300,0.0,0.0,,,827,1.010,4.5,821,1.002,3.4,2.18174,2.24949,10.107
9333,0.0,0.0,,,824,1.006,3.9,818,0.999,2.8,2.18174,2.24949,9.668
9366,0.0,0.0,,,826,1.009,4.3,817,0.998,2.6,2.18174,2.24949,9.229
9400,0.0,0.0,,,824,1.006,3.9,814,0.994,2.1,2.18174,2.24949,8.877
9433,0.0,0.0,,,829,1.012,4.8,817,0.998,2.6,2.18174,2.24949,8.525
9466,0.0,0.0,,,826,1.009,4.3,814,0.994,2.1,2.18174,2.24949,8.350
9500,0.0,0.0,,,822,1.004,3.5,816,0.996,2.5,2.18179,2.24959,7.998
9533,0.0,0.0,,,824,1.006,3.9,810,0.989,1.4,2.18179,2.24959,7.822
9566,0.0,0.0,,,822,1.004,3.5,812,0.991,1.7,2.18179,2.24959,7.471
9600,0.0,0.0,,,822,1.004,3.5,817,0.998,2.6,2.18179,2.24959,7.119
9633,0.0,0.0,,,827,1.010,4.5,816,0.996,2.5,2.18179,2.24959,6.768
9666,0.0,0.0,,,827,1.010,4.5,816,0.996,2.5,2.18179,2.24959,6.504
9700,0.0,0.0,,,823,1.005,3.7,817,0.998,2.6,2.18179,2.24959,6.152
9733,0.0,0.0,,,830,1.013,5.0,817,0.998,2.6,2.18172,2.24951,5.801
9766,0.0,0.0,,,823,1.005,3.7,816,0.996,2.5,2.18172,2.24951,5.537
9800,0.0,0.0,,,826,1.009,4.3,819,1.000,3.0,2.18172,2.24951,5.098
9833,0.0,0.0,,,827,1.010,4.5,816,0.996,2.5,2.18172,2.24951,4.746
9866,0.0,0.0,,,835,1.020,5.9,822,1.004,3.5,2.18172,2.24951,4.395
9900,0.0,0.0,,,828,1.011,4.6,819,1.000,3.0,2.18172,2.24951,4.043
9933,0.0,0.0,,,829,1.012,4.8,822,1.004,3.5,2.18196,2.24962,3.516
9967,0.0,0.0,,,825,1.007,4.1,814,0.994,2.1,2.18196,2.24962,3.076
